personID,studentLoans,ccPayment,personalLoans,medicalDebt
1,0.0,33.95,0.0,0.0
2,0.0,588.29,0.0,0.0
3,0.0,11.58,172.32,0.0
4,231.8,49.99,0.0,0.0
5,0.0,299.09,0.0,0.0
6,167.79,9.26,0.0,0.0
7,0.0,5.1,0.0,0.0
8,0.0,41.86,0.0,104.97
9,0.0,0.31,0.0,0.0
10,0.0,134.21,396.93,0.0
11,251.47,325.29,0.0,0.0
12,0.0,32.96,0.0,0.0
13,0.0,15.81,0.0,0.0
14,0.0,34.25,0.0,256.27
15,408.27,4.29,0.0,0.0
16,266.85,279.0,0.0,0.0
17,0.0,162.51,0.0,0.0
18,0.0,37.99,0.0,0.0
19,297.76,128.65,0.0,0.0
20,0.0,6.52,0.0,0.0
21,145.35,104.32,0.0,0.0
22,498.4,5.31,0.0,0.0
23,281.24,4.28,0.0,0.0
24,290.52,401.26,0.0,0.0
25,0.0,21.49,0.0,0.0
26,0.0,254.23,0.0,156.95
27,0.0,16.87,0.0,0.0
28,0.0,6.08,0.0,0.0
29,0.0,162.57,0.0,0.0
30,0.0,182.19,0.0,68.56
31,275.24,15.58,230.28,0.0
32,0.0,14.24,0.0,0.0
33,449.88,746.03,0.0,0.0
34,0.0,33.98,0.0,0.0
35,0.0,49.97,0.0,0.0
36,0.0,489.99,0.0,0.0
37,231.56,7.31,0.0,0.0
38,0.0,178.07,0.0,0.0
39,146.87,410.7,0.0,0.0
40,466.78,35.79,0.0,0.0
41,286.47,47.77,0.0,0.0
42,232.4,30.18,0.0,0.0
43,229.28,230.06,0.0,0.0
44,0.0,42.82,0.0,0.0
45,308.0,40.08,354.35,0.0
46,260.85,315.01,0.0,0.0
47,265.47,31.27,0.0,0.0
48,0.0,33.88,257.71,0.0
49,0.0,49.77,0.0,0.0
50,0.0,48.35,0.0,97.9
51,0.0,351.96,0.0,0.0
52,0.0,350.27,0.0,0.0
53,0.0,259.28,215.5,180.78
54,0.0,36.07,0.0,0.0
55,0.0,11.59,0.0,0.0
56,0.0,1.23,0.0,0.0
57,162.29,29.74,0.0,0.0
58,0.0,12.76,0.0,0.0
59,349.36,363.47,0.0,0.0
60,323.83,672.85,329.57,0.0
61,517.54,382.16,0.0,0.0
62,0.0,33.53,0.0,0.0
63,0.0,442.61,0.0,0.0
64,485.08,42.52,0.0,0.0
65,0.0,162.46,0.0,0.0
66,0.0,42.38,0.0,78.67
67,0.0,113.94,0.0,0.0
68,0.0,33.1,0.0,0.0
69,0.0,24.49,476.88,126.09
70,0.0,365.66,277.65,104.55
71,0.0,359.3,0.0,82.82
72,241.4,47.63,185.28,161.59
73,323.89,227.78,0.0,0.0
74,0.0,8.38,0.0,63.68
75,107.07,10.74,0.0,0.0
76,0.0,29.05,0.0,0.0
77,0.0,18.65,0.0,0.0
78,217.4,480.18,233.47,0.0
79,219.97,26.27,0.0,0.0
80,308.77,324.54,0.0,0.0
81,0.0,4.38,0.0,0.0
82,173.17,5.46,0.0,0.0
83,252.48,261.2,0.0,0.0
84,0.0,41.19,0.0,0.0
85,444.93,455.6,0.0,0.0
86,0.0,307.03,0.0,0.0
87,0.0,11.21,0.0,0.0
88,299.06,17.49,0.0,0.0
89,0.0,208.75,0.0,0.0
90,0.0,1.67,0.0,0.0
91,0.0,47.39,0.0,0.0
92,522.0,40.55,0.0,0.0
93,260.25,17.84,312.24,0.0
94,0.0,243.54,243.53,0.0
95,0.0,496.94,0.0,0.0
96,289.93,330.97,0.0,0.0
97,453.33,382.32,0.0,0.0
98,0.0,39.95,0.0,82.15
99,0.0,6.16,0.0,0.0
100,0.0,372.07,342.84,0.0
101,0.0,12.01,0.0,0.0
102,0.0,47.09,0.0,0.0
103,385.24,31.15,0.0,0.0
104,230.79,34.67,0.0,99.26
105,0.0,6.11,0.0,0.0
106,0.0,9.1,0.0,88.67
107,0.0,1.1,0.0,0.0
108,0.0,94.59,0.0,0.0
109,314.99,989.51,0.0,0.0
110,0.0,28.24,0.0,194.2
111,338.12,336.98,0.0,0.0
112,528.41,413.73,0.0,0.0
113,0.0,27.11,0.0,0.0
114,0.0,360.18,0.0,0.0
115,291.18,157.18,0.0,0.0
116,0.0,21.32,0.0,0.0
117,0.0,29.84,0.0,0.0
118,0.0,135.92,0.0,0.0
119,0.0,30.01,454.39,79.31
120,239.6,285.34,0.0,0.0
121,417.41,25.95,412.03,0.0
122,0.0,242.47,0.0,0.0
123,473.13,40.75,0.0,0.0
124,768.66,167.89,0.0,0.0
125,107.23,10.56,0.0,0.0
126,0.0,168.63,0.0,0.0
127,0.0,8.56,0.0,0.0
128,0.0,343.37,0.0,136.85
129,0.0,250.06,0.0,0.0
130,737.99,11.55,0.0,0.0
131,0.0,208.77,0.0,0.0
132,0.0,40.68,246.08,0.0
133,332.92,617.31,0.0,0.0
134,0.0,280.18,0.0,0.0
135,0.0,36.76,0.0,0.0
136,0.0,258.14,0.0,0.0
137,429.6,22.04,0.0,0.0
138,0.0,112.27,0.0,0.0
139,489.08,18.15,0.0,0.0
140,0.0,117.82,0.0,0.0
141,0.0,49.61,0.0,0.0
142,0.0,15.56,0.0,0.0
143,190.04,20.38,0.0,0.0
144,0.0,497.26,0.0,0.0
145,777.75,23.74,0.0,0.0
146,478.73,799.04,0.0,0.0
147,469.33,501.61,0.0,0.0
148,0.0,5.35,0.0,0.0
149,0.0,77.52,0.0,292.97
150,317.07,720.86,0.0,0.0
151,0.0,225.81,0.0,0.0
152,0.0,245.96,0.0,270.43
153,453.7,621.88,0.0,0.0
154,487.08,576.39,0.0,0.0
155,0.0,48.48,0.0,0.0
156,234.44,379.88,0.0,0.0
157,261.63,255.19,0.0,0.0
158,0.0,39.99,0.0,0.0
159,227.51,379.4,225.7,0.0
160,0.0,9.7,0.0,0.0
161,0.0,38.54,0.0,0.0
162,0.0,498.83,0.0,0.0
163,226.42,111.56,0.0,120.38
164,434.87,44.75,0.0,0.0
165,388.66,169.69,0.0,0.0
166,0.0,11.66,354.18,92.83
167,342.11,15.9,0.0,0.0
168,141.49,13.02,0.0,0.0
169,0.0,261.11,418.49,0.0
170,0.0,15.87,0.0,242.59
171,0.0,14.36,0.0,175.4
172,704.26,346.26,0.0,0.0
173,0.0,284.84,0.0,0.0
174,250.14,48.55,0.0,0.0
175,0.0,389.27,0.0,191.6
176,231.53,261.14,161.45,157.91
177,0.0,721.06,0.0,0.0
178,391.1,33.95,0.0,0.0
179,0.0,49.07,0.0,0.0
180,252.68,48.27,0.0,0.0
181,0.0,14.07,402.09,0.0
182,204.1,23.34,0.0,152.75
183,0.0,501.74,0.0,0.0
184,0.0,37.06,0.0,0.0
185,0.0,32.25,0.0,0.0
186,0.0,1099.95,167.15,0.0
187,0.0,311.09,446.13,0.0
188,0.0,646.78,0.0,0.0
189,283.99,119.11,0.0,0.0
190,223.09,813.81,412.83,0.0
191,0.0,38.51,0.0,0.0
192,0.0,0.15,0.0,53.72
193,0.0,251.98,0.0,176.16
194,0.0,121.28,0.0,0.0
195,429.74,22.85,0.0,0.0
196,226.45,11.19,0.0,0.0
197,0.0,43.08,0.0,160.28
198,0.0,920.33,0.0,0.0
199,0.0,1167.09,435.12,0.0
200,0.0,33.64,160.88,0.0
201,0.0,601.02,465.06,0.0
202,0.0,89.59,0.0,204.45
203,0.0,43.34,0.0,0.0
204,0.0,25.32,156.63,157.07
205,347.23,799.02,0.0,0.0
206,0.0,157.88,0.0,0.0
207,0.0,41.22,0.0,0.0
208,0.0,6.56,0.0,0.0
209,0.0,120.19,0.0,154.6
210,0.0,10.14,0.0,0.0
211,193.73,36.27,0.0,180.18
212,0.0,43.37,0.0,0.0
213,0.0,159.81,0.0,0.0
214,386.39,511.07,0.0,0.0
215,0.0,0.2,0.0,0.0
216,393.5,300.98,0.0,0.0
217,188.85,413.89,0.0,0.0
218,0.0,1064.98,0.0,0.0
219,369.55,29.69,0.0,0.0
220,0.0,22.53,0.0,0.0
221,0.0,3.8,0.0,0.0
222,0.0,236.48,0.0,0.0
223,0.0,101.39,0.0,114.52
224,0.0,23.83,0.0,0.0
225,519.78,47.92,0.0,0.0
226,562.27,1230.18,0.0,0.0
227,0.0,320.0,0.0,0.0
228,0.0,345.11,0.0,0.0
229,0.0,740.85,0.0,0.0
230,0.0,30.5,0.0,0.0
231,0.0,106.72,0.0,0.0
232,0.0,22.1,0.0,0.0
233,0.0,247.96,336.82,0.0
234,0.0,25.62,0.0,0.0
235,0.0,292.83,0.0,0.0
236,0.0,6.64,156.55,0.0
237,0.0,8.89,0.0,0.0
238,559.33,573.32,0.0,0.0
239,0.0,11.3,0.0,0.0
240,170.7,296.74,0.0,0.0
241,0.0,25.31,0.0,0.0
242,0.0,320.07,0.0,0.0
243,0.0,16.52,0.0,128.64
244,295.53,284.9,0.0,0.0
245,0.0,32.16,0.0,148.82
246,0.0,19.35,0.0,0.0
247,356.38,20.35,0.0,0.0
248,0.0,353.75,362.16,0.0
249,0.0,7.51,0.0,0.0
250,0.0,1146.75,0.0,0.0
251,223.68,23.29,0.0,0.0
252,445.42,405.72,184.69,0.0
253,0.0,18.45,0.0,0.0
254,780.36,5.43,0.0,0.0
255,187.99,168.34,0.0,0.0
256,0.0,38.85,0.0,0.0
257,0.0,171.08,0.0,0.0
258,0.0,296.62,0.0,0.0
259,413.63,1128.33,0.0,0.0
260,0.0,8.25,0.0,0.0
261,0.0,47.92,0.0,0.0
262,0.0,150.73,0.0,0.0
263,0.0,534.78,0.0,0.0
264,0.0,4.5,0.0,0.0
265,0.0,510.6,0.0,0.0
266,0.0,24.56,0.0,121.99
267,0.0,43.45,0.0,0.0
268,186.84,178.82,0.0,269.03
269,0.0,45.53,0.0,0.0
270,0.0,15.96,0.0,0.0
271,0.0,285.64,0.0,0.0
272,0.0,982.16,320.38,0.0
273,0.0,14.63,0.0,0.0
274,0.0,287.17,0.0,0.0
275,244.79,339.73,0.0,246.59
276,221.92,686.26,0.0,0.0
277,0.0,38.96,0.0,115.62
278,0.0,24.97,0.0,0.0
279,0.0,513.02,0.0,0.0
280,0.0,17.55,349.56,0.0
281,0.0,18.25,0.0,0.0
282,0.0,41.75,313.2,0.0
283,0.0,17.03,0.0,0.0
284,280.43,0.53,0.0,0.0
285,0.0,12.27,0.0,191.2
286,0.0,227.64,308.2,0.0
287,0.0,27.26,0.0,238.66
288,0.0,225.42,332.4,0.0
289,514.67,882.23,0.0,0.0
290,0.0,488.0,0.0,0.0
291,277.38,1.93,0.0,0.0
292,0.0,66.89,0.0,0.0
293,0.0,18.0,304.94,0.0
294,231.95,238.08,0.0,155.51
295,0.0,40.85,0.0,0.0
296,340.02,48.73,0.0,0.0
297,0.0,100.11,0.0,0.0
298,196.98,47.79,0.0,0.0
299,0.0,297.93,338.82,0.0
300,333.79,434.52,0.0,93.46
301,0.0,11.02,0.0,250.91
302,274.3,201.6,0.0,0.0
303,0.0,119.03,212.71,0.0
304,455.11,298.1,0.0,0.0
305,0.0,123.55,0.0,0.0
306,0.0,35.6,0.0,0.0
307,328.15,30.87,0.0,0.0
308,152.09,5.67,0.0,0.0
309,0.0,785.93,299.19,0.0
310,0.0,88.69,0.0,0.0
311,413.39,939.39,196.86,0.0
312,0.0,367.5,0.0,0.0
313,226.48,48.29,0.0,0.0
314,0.0,347.43,0.0,0.0
315,0.0,6.09,0.0,0.0
316,0.0,288.98,0.0,0.0
317,0.0,17.42,0.0,0.0
318,469.78,28.56,0.0,0.0
319,299.37,25.55,0.0,0.0
320,664.99,26.95,0.0,0.0
321,0.0,175.43,0.0,0.0
322,120.5,31.42,0.0,0.0
323,0.0,46.09,0.0,267.05
324,201.29,265.38,0.0,0.0
325,0.0,22.73,0.0,0.0
326,0.0,261.38,0.0,0.0
327,0.0,28.22,0.0,0.0
328,486.8,15.98,0.0,0.0
329,0.0,333.72,0.0,0.0
330,204.76,475.64,263.19,0.0
331,0.0,320.74,0.0,279.3
332,281.06,5.27,0.0,0.0
333,334.16,823.52,0.0,0.0
334,412.96,1.94,0.0,0.0
335,100.75,183.99,0.0,0.0
336,0.0,7.55,0.0,0.0
337,0.0,4.19,473.4,0.0
338,0.0,36.45,0.0,0.0
339,0.0,416.49,0.0,0.0
340,0.0,8.18,0.0,0.0
341,310.79,32.11,0.0,0.0
342,0.0,10.09,0.0,0.0
343,0.0,411.86,319.56,0.0
344,232.41,39.89,0.0,0.0
345,243.65,11.42,0.0,222.97
346,0.0,296.44,0.0,0.0
347,286.86,17.9,0.0,0.0
348,167.86,44.49,224.6,0.0
349,390.05,18.46,0.0,0.0
350,326.75,891.17,0.0,0.0
351,0.0,351.67,0.0,0.0
352,0.0,24.6,0.0,0.0
353,0.0,4.31,0.0,0.0
354,0.0,10.75,0.0,0.0
355,0.0,5.05,0.0,239.34
356,0.0,26.05,0.0,0.0
357,473.64,37.84,0.0,0.0
358,585.65,35.32,0.0,0.0
359,0.0,45.22,0.0,0.0
360,0.0,17.42,0.0,0.0
361,490.44,633.11,0.0,0.0
362,259.48,274.17,0.0,0.0
363,0.0,245.08,346.0,0.0
364,496.93,16.26,0.0,0.0
365,0.0,6.32,0.0,178.08
366,244.47,3.99,0.0,0.0
367,0.0,145.27,0.0,277.21
368,0.0,130.67,0.0,0.0
369,0.0,4.79,0.0,253.48
370,454.88,38.42,409.02,0.0
371,0.0,673.09,420.02,0.0
372,370.11,29.72,0.0,0.0
373,0.0,45.8,0.0,295.68
374,104.64,45.69,0.0,0.0
375,0.0,34.27,0.0,0.0
376,0.0,24.37,0.0,0.0
377,0.0,46.2,0.0,0.0
378,272.96,261.18,0.0,0.0
379,0.0,4.38,0.0,0.0
380,0.0,48.59,0.0,268.95
381,0.0,3.14,0.0,0.0
382,0.0,8.65,0.0,0.0
383,463.13,389.72,0.0,0.0
384,0.0,40.76,0.0,0.0
385,0.0,307.97,0.0,0.0
386,0.0,207.82,256.36,0.0
387,0.0,34.04,0.0,0.0
388,662.66,12.49,0.0,0.0
389,0.0,339.62,0.0,0.0
390,0.0,2.68,309.45,294.08
391,0.0,21.99,0.0,138.51
392,0.0,15.09,0.0,166.98
393,309.12,4.13,0.0,0.0
394,0.0,11.93,0.0,0.0
395,0.0,314.95,0.0,0.0
396,0.0,352.01,0.0,0.0
397,0.0,429.73,0.0,0.0
398,416.18,41.37,0.0,0.0
399,0.0,38.06,0.0,0.0
400,0.0,36.08,0.0,0.0
401,0.0,153.13,0.0,295.94
402,0.0,449.47,0.0,79.88
403,199.52,5.72,0.0,0.0
404,0.0,33.41,0.0,112.17
405,0.0,1.25,0.0,0.0
406,0.0,251.29,0.0,121.42
407,0.0,2.31,0.0,0.0
408,0.0,42.46,0.0,0.0
409,0.0,34.85,0.0,0.0
410,0.0,38.46,0.0,0.0
411,105.49,225.07,0.0,0.0
412,0.0,22.55,357.74,0.0
413,0.0,306.95,0.0,0.0
414,0.0,13.54,0.0,0.0
415,0.0,277.82,0.0,0.0
416,263.39,200.86,0.0,0.0
417,0.0,259.86,202.09,96.54
418,0.0,30.86,233.22,0.0
419,0.0,262.78,0.0,0.0
420,237.28,4.83,0.0,0.0
421,0.0,13.91,0.0,0.0
422,0.0,946.21,0.0,0.0
423,0.0,195.62,0.0,0.0
424,0.0,49.93,0.0,102.77
425,284.77,15.91,0.0,0.0
426,0.0,9.79,0.0,0.0
427,0.0,231.18,0.0,227.28
428,0.0,227.73,0.0,0.0
429,306.36,15.65,0.0,0.0
430,290.19,33.19,0.0,0.0
431,0.0,32.0,0.0,0.0
432,0.0,30.02,0.0,0.0
433,0.0,31.07,0.0,0.0
434,0.0,20.16,348.74,0.0
435,0.0,46.2,416.7,157.82
436,674.83,44.34,0.0,0.0
437,0.0,21.15,0.0,0.0
438,0.0,28.51,0.0,0.0
439,0.0,32.4,0.0,236.86
440,0.0,6.17,0.0,0.0
441,347.91,27.74,0.0,0.0
442,0.0,17.1,0.0,0.0
443,0.0,14.13,0.0,57.95
444,0.0,320.07,0.0,0.0
445,0.0,22.23,0.0,250.09
446,0.0,332.13,0.0,0.0
447,0.0,19.66,0.0,0.0
448,0.0,114.12,0.0,0.0
449,323.38,48.63,0.0,0.0
450,0.0,47.34,0.0,0.0
451,0.0,7.79,217.71,0.0
452,266.7,0.05,482.35,0.0
453,0.0,26.14,0.0,103.59
454,0.0,37.8,0.0,74.94
455,643.52,472.24,0.0,0.0
456,509.21,971.68,0.0,0.0
457,155.55,34.84,0.0,0.0
458,0.0,48.96,0.0,117.76
459,0.0,188.97,0.0,0.0
460,0.0,111.93,0.0,0.0
461,0.0,269.91,0.0,0.0
462,210.4,320.42,0.0,169.35
463,0.0,693.09,0.0,0.0
464,0.0,26.41,0.0,177.44
465,0.0,26.31,0.0,0.0
466,0.0,328.0,0.0,0.0
467,444.06,468.36,0.0,0.0
468,0.0,423.21,0.0,0.0
469,0.0,253.88,0.0,0.0
470,0.0,0.53,479.06,0.0
471,316.25,0.67,0.0,0.0
472,0.0,5.0,0.0,0.0
473,587.73,14.64,0.0,0.0
474,0.0,287.14,0.0,0.0
475,213.32,317.38,0.0,0.0
476,0.0,174.3,0.0,206.86
477,0.0,4.43,0.0,0.0
478,0.0,249.74,341.03,101.96
479,0.0,101.71,0.0,0.0
480,211.12,35.92,0.0,0.0
481,0.0,16.28,201.81,0.0
482,0.0,333.97,0.0,0.0
483,0.0,47.42,0.0,96.8
484,194.78,358.92,0.0,0.0
485,276.35,383.75,0.0,0.0
486,0.0,26.63,0.0,0.0
487,110.46,15.2,0.0,0.0
488,256.39,7.22,0.0,0.0
489,0.0,254.71,0.0,0.0
490,0.0,707.28,0.0,0.0
491,0.0,218.63,0.0,94.02
492,262.51,23.69,0.0,109.81
493,233.69,420.22,323.33,0.0
494,452.49,40.75,0.0,0.0
495,341.02,586.54,320.2,0.0
496,0.0,41.18,0.0,0.0
497,0.0,303.69,200.4,246.62
498,0.0,18.17,0.0,0.0
499,0.0,57.93,0.0,0.0
500,0.0,12.59,0.0,0.0
501,0.0,19.59,0.0,0.0
502,335.01,1005.48,0.0,0.0
503,0.0,145.05,0.0,0.0
504,0.0,35.57,0.0,0.0
505,132.8,327.78,0.0,0.0
506,0.0,26.42,0.0,0.0
507,0.0,111.17,0.0,0.0
508,0.0,231.88,0.0,0.0
509,0.0,288.79,0.0,0.0
510,421.3,14.12,0.0,0.0
511,491.41,44.94,0.0,0.0
512,0.0,567.15,0.0,0.0
513,0.0,238.3,0.0,0.0
514,0.0,0.5,0.0,223.3
515,202.53,10.8,161.36,0.0
516,442.62,44.77,0.0,0.0
517,0.0,140.16,0.0,0.0
518,0.0,365.41,0.0,0.0
519,0.0,27.24,0.0,0.0
520,0.0,337.78,0.0,0.0
521,0.0,48.68,0.0,0.0
522,247.02,45.57,0.0,0.0
523,0.0,49.47,0.0,0.0
524,0.0,32.03,0.0,0.0
525,0.0,391.96,0.0,0.0
526,189.86,329.49,0.0,122.95
527,205.06,459.08,0.0,123.36
528,470.79,994.89,0.0,0.0
529,359.07,47.83,0.0,0.0
530,0.0,24.66,0.0,0.0
531,0.0,279.64,0.0,0.0
532,0.0,307.07,0.0,0.0
533,0.0,4.22,0.0,0.0
534,0.0,569.14,0.0,0.0
535,241.48,311.52,0.0,0.0
536,0.0,333.66,0.0,0.0
537,0.0,43.98,0.0,0.0
538,0.0,20.18,0.0,0.0
539,0.0,33.89,306.99,0.0
540,0.0,39.82,0.0,0.0
541,0.0,25.49,0.0,0.0
542,0.0,129.53,0.0,0.0
543,236.88,344.51,0.0,0.0
544,0.0,35.7,0.0,0.0
545,0.0,27.73,0.0,0.0
546,0.0,253.22,496.07,117.68
547,325.73,204.35,0.0,0.0
548,0.0,294.67,0.0,0.0
549,294.25,33.9,0.0,0.0
550,192.39,456.97,0.0,0.0
551,358.04,35.48,0.0,0.0
552,0.0,40.32,0.0,0.0
553,0.0,21.96,0.0,50.39
554,252.25,110.76,0.0,0.0
555,0.0,6.53,0.0,0.0
556,0.0,30.0,0.0,184.56
557,0.0,19.96,0.0,174.57
558,0.0,47.63,0.0,0.0
559,0.0,26.72,0.0,126.9
560,0.0,40.89,164.15,0.0
561,0.0,731.92,0.0,0.0
562,166.18,721.05,0.0,0.0
563,0.0,31.31,0.0,0.0
564,322.89,652.25,0.0,0.0
565,0.0,367.93,0.0,0.0
566,709.27,1209.79,0.0,0.0
567,566.49,514.54,0.0,0.0
568,0.0,26.5,0.0,0.0
569,0.0,553.88,0.0,0.0
570,0.0,203.34,0.0,0.0
571,234.75,306.6,0.0,0.0
572,0.0,24.18,0.0,0.0
573,0.0,21.29,0.0,0.0
574,196.96,659.78,0.0,0.0
575,0.0,235.73,236.01,72.59
576,0.0,31.28,0.0,0.0
577,0.0,41.44,0.0,0.0
578,0.0,20.57,0.0,98.17
579,424.23,596.66,0.0,0.0
580,230.0,409.77,0.0,0.0
581,0.0,37.61,0.0,0.0
582,0.0,14.9,471.38,0.0
583,0.0,127.74,0.0,66.19
584,0.0,31.2,0.0,0.0
585,202.68,127.91,0.0,0.0
586,0.0,405.51,262.37,0.0
587,253.6,5.17,0.0,0.0
588,318.5,339.65,0.0,0.0
589,0.0,14.94,0.0,0.0
590,0.0,74.26,0.0,0.0
591,0.0,172.54,0.0,81.24
592,284.19,604.07,308.99,0.0
593,458.66,13.81,260.91,0.0
594,644.48,46.93,0.0,0.0
595,0.0,386.52,0.0,0.0
596,0.0,41.91,0.0,0.0
597,0.0,311.69,195.85,0.0
598,0.0,285.03,0.0,0.0
599,209.33,3.83,225.96,0.0
600,0.0,47.95,0.0,0.0
601,211.95,337.19,453.2,0.0
602,0.0,22.55,421.55,0.0
603,369.03,22.62,0.0,0.0
604,348.27,438.93,0.0,0.0
605,0.0,2.08,0.0,147.85
606,0.0,904.65,0.0,0.0
607,0.0,211.04,0.0,0.0
608,184.26,306.81,0.0,113.47
609,0.0,251.42,0.0,0.0
610,0.0,2.85,0.0,0.0
611,198.1,144.63,0.0,0.0
612,0.0,124.9,361.26,0.0
613,733.48,14.68,0.0,0.0
614,185.97,19.65,0.0,154.91
615,0.0,7.02,0.0,71.94
616,0.0,204.83,0.0,0.0
617,0.0,24.8,0.0,0.0
618,224.94,42.06,0.0,0.0
619,311.72,1065.86,0.0,0.0
620,0.0,3.83,0.0,0.0
621,327.82,1106.18,0.0,0.0
622,418.88,327.43,0.0,0.0
623,0.0,42.52,0.0,214.78
624,0.0,647.34,0.0,0.0
625,141.42,232.6,0.0,0.0
626,189.34,210.07,194.94,0.0
627,522.51,587.29,418.69,0.0
628,0.0,44.01,350.93,0.0
629,0.0,404.34,0.0,0.0
630,499.58,1017.02,0.0,0.0
631,0.0,5.89,443.11,0.0
632,0.0,152.66,0.0,0.0
633,0.0,24.35,418.64,0.0
634,590.58,28.74,366.23,0.0
635,234.75,168.72,0.0,0.0
636,0.0,4.62,0.0,0.0
637,0.0,9.57,0.0,0.0
638,0.0,29.69,409.58,0.0
639,0.0,179.66,0.0,0.0
640,0.0,161.44,0.0,0.0
641,0.0,0.45,0.0,0.0
642,0.0,332.4,0.0,0.0
643,184.68,8.18,304.71,0.0
644,276.91,33.82,0.0,0.0
645,0.0,107.65,236.89,0.0
646,0.0,1.81,0.0,0.0
647,0.0,3.42,0.0,0.0
648,0.0,40.09,0.0,0.0
649,0.0,7.38,0.0,0.0
650,226.8,49.16,0.0,164.65
651,0.0,54.42,0.0,0.0
652,0.0,195.95,0.0,0.0
653,0.0,234.03,0.0,0.0
654,204.17,0.54,413.01,0.0
655,366.73,43.79,445.79,0.0
656,213.82,9.71,355.26,0.0
657,0.0,15.37,0.0,0.0
658,215.83,317.66,0.0,0.0
659,184.72,373.17,458.47,0.0
660,313.24,832.74,0.0,0.0
661,0.0,189.52,0.0,0.0
662,0.0,14.48,0.0,0.0
663,0.0,10.95,0.0,0.0
664,0.0,445.5,0.0,0.0
665,129.99,28.52,0.0,224.6
666,156.78,0.36,0.0,0.0
667,0.0,33.14,0.0,0.0
668,393.09,281.78,0.0,0.0
669,0.0,881.83,0.0,0.0
670,195.25,23.97,0.0,0.0
671,229.21,743.86,274.61,0.0
672,0.0,511.93,0.0,0.0
673,0.0,463.12,240.7,0.0
674,0.0,28.31,388.47,0.0
675,0.0,100.32,0.0,67.33
676,0.0,27.6,256.28,0.0
677,0.0,315.16,0.0,0.0
678,373.74,2.24,0.0,0.0
679,0.0,6.81,250.7,0.0
680,0.0,321.34,152.03,0.0
681,0.0,48.14,0.0,0.0
682,223.9,48.18,0.0,0.0
683,340.62,171.21,0.0,0.0
684,0.0,135.25,395.14,0.0
685,0.0,9.49,0.0,0.0
686,396.87,26.88,0.0,0.0
687,488.71,840.61,0.0,0.0
688,0.0,180.29,0.0,0.0
689,0.0,37.46,0.0,0.0
690,397.27,29.38,265.21,0.0
691,0.0,20.37,0.0,0.0
692,0.0,47.47,153.74,0.0
693,0.0,384.96,0.0,0.0
694,426.61,30.3,0.0,0.0
695,377.02,516.13,0.0,0.0
696,0.0,7.38,0.0,0.0
697,0.0,11.54,0.0,0.0
698,371.34,221.93,0.0,0.0
699,0.0,5.43,0.0,0.0
700,0.0,28.08,0.0,0.0
701,0.0,25.78,357.44,0.0
702,263.96,30.35,0.0,0.0
703,220.72,46.04,0.0,0.0
704,179.4,159.61,0.0,0.0
705,0.0,7.06,0.0,90.43
706,0.0,29.59,0.0,0.0
707,169.83,49.51,0.0,0.0
708,0.0,22.38,0.0,0.0
709,471.27,411.78,0.0,0.0
710,0.0,14.74,0.0,0.0
711,0.0,213.45,0.0,137.56
712,285.95,5.08,0.0,0.0
713,0.0,318.53,0.0,180.0
714,0.0,6.04,0.0,0.0
715,0.0,207.5,0.0,0.0
716,0.0,19.79,0.0,0.0
717,0.0,312.34,0.0,83.65
718,0.0,93.2,0.0,0.0
719,196.76,40.43,0.0,0.0
720,0.0,15.58,0.0,0.0
721,0.0,501.01,0.0,0.0
722,554.58,1070.01,0.0,0.0
723,0.0,99.81,0.0,0.0
724,162.93,31.69,0.0,0.0
725,436.69,1205.31,0.0,0.0
726,0.0,410.17,0.0,0.0
727,0.0,184.72,246.85,280.76
728,0.0,39.76,0.0,0.0
729,430.17,14.46,0.0,0.0
730,362.26,10.96,431.52,0.0
731,173.97,1288.43,0.0,0.0
732,0.0,24.01,0.0,0.0
733,0.0,28.0,0.0,0.0
734,0.0,39.73,0.0,0.0
735,0.0,45.64,0.0,0.0
736,0.0,121.92,0.0,195.93
737,693.41,1029.35,0.0,0.0
738,0.0,3.75,0.0,277.52
739,419.87,47.18,0.0,0.0
740,0.0,38.05,0.0,147.85
741,0.0,189.55,250.81,0.0
742,0.0,335.8,0.0,0.0
743,0.0,45.08,0.0,0.0
744,0.0,25.05,0.0,0.0
745,0.0,533.14,0.0,0.0
746,0.0,3.6,0.0,0.0
747,0.0,17.39,0.0,0.0
748,338.62,1019.85,0.0,0.0
749,0.0,199.66,0.0,0.0
750,0.0,329.39,0.0,0.0
751,0.0,18.92,0.0,0.0
752,0.0,47.25,0.0,0.0
753,0.0,371.43,291.63,0.0
754,164.91,32.35,0.0,0.0
755,0.0,136.3,0.0,0.0
756,0.0,12.95,434.86,0.0
757,0.0,2.45,0.0,0.0
758,497.69,1390.22,0.0,0.0
759,0.0,36.8,0.0,0.0
760,0.0,188.34,0.0,0.0
761,0.0,396.61,0.0,0.0
762,0.0,282.53,0.0,0.0
763,179.89,48.33,0.0,0.0
764,0.0,16.43,0.0,0.0
765,226.12,365.24,0.0,0.0
766,0.0,221.75,0.0,0.0
767,0.0,38.87,0.0,0.0
768,0.0,306.03,0.0,0.0
769,0.0,33.63,0.0,0.0
770,0.0,6.79,0.0,0.0
771,218.13,232.94,0.0,0.0
772,0.0,7.74,0.0,141.18
773,0.0,21.83,0.0,198.53
774,0.0,2.6,0.0,0.0
775,0.0,34.5,0.0,0.0
776,0.0,0.81,0.0,72.29
777,264.43,263.38,0.0,197.0
778,0.0,1062.63,0.0,0.0
779,0.0,3.55,194.87,0.0
780,196.82,40.14,0.0,0.0
781,0.0,20.06,0.0,0.0
782,0.0,36.81,0.0,172.32
783,0.0,39.68,0.0,0.0
784,0.0,36.25,0.0,0.0
785,0.0,28.86,0.0,0.0
786,0.0,32.39,0.0,0.0
787,0.0,359.7,0.0,0.0
788,0.0,39.03,0.0,0.0
789,0.0,221.16,0.0,0.0
790,0.0,181.61,220.42,167.4
791,415.58,596.14,0.0,0.0
792,0.0,12.19,0.0,0.0
793,0.0,413.67,0.0,0.0
794,423.71,212.41,0.0,0.0
795,358.16,505.63,0.0,0.0
796,0.0,373.32,0.0,101.57
797,0.0,25.6,0.0,0.0
798,0.0,271.31,193.4,0.0
799,0.0,250.49,0.0,0.0
800,0.0,164.55,0.0,0.0
801,0.0,143.58,0.0,218.22
802,0.0,3.27,0.0,0.0
803,342.66,692.99,0.0,0.0
804,0.0,17.97,0.0,0.0
805,0.0,8.05,0.0,221.88
806,0.0,4.47,332.93,0.0
807,0.0,386.71,0.0,190.2
808,0.0,49.87,0.0,0.0
809,0.0,9.98,0.0,158.04
810,0.0,115.99,0.0,0.0
811,0.0,368.05,0.0,0.0
812,0.0,33.03,0.0,0.0
813,0.0,0.59,0.0,128.52
814,0.0,236.63,0.0,199.12
815,0.0,7.72,0.0,59.36
816,0.0,553.47,0.0,0.0
817,0.0,37.5,0.0,0.0
818,738.39,471.49,0.0,0.0
819,396.23,609.26,0.0,0.0
820,0.0,798.64,0.0,0.0
821,0.0,456.81,0.0,0.0
822,0.0,35.29,0.0,237.3
823,141.42,198.13,0.0,129.71
824,0.0,12.71,0.0,0.0
825,228.57,3.79,0.0,0.0
826,0.0,663.57,0.0,0.0
827,602.11,46.69,0.0,0.0
828,281.09,26.39,0.0,0.0
829,0.0,39.61,0.0,0.0
830,0.0,5.89,0.0,0.0
831,0.0,44.27,0.0,166.06
832,0.0,21.03,0.0,0.0
833,0.0,96.12,303.24,171.58
834,510.66,13.87,230.59,0.0
835,0.0,99.82,0.0,0.0
836,261.71,344.75,0.0,0.0
837,0.0,257.77,0.0,0.0
838,392.2,199.44,0.0,0.0
839,0.0,305.42,0.0,0.0
840,189.38,504.89,0.0,0.0
841,456.93,40.86,0.0,0.0
842,125.23,172.04,0.0,146.39
843,0.0,157.85,0.0,0.0
844,0.0,8.76,0.0,0.0
845,450.98,32.65,0.0,0.0
846,170.01,34.88,202.26,0.0
847,180.6,565.72,183.26,0.0
848,0.0,41.83,461.65,0.0
849,0.0,284.88,0.0,0.0
850,0.0,29.34,0.0,0.0
851,0.0,142.42,0.0,117.79
852,0.0,313.09,0.0,0.0
853,0.0,22.73,0.0,0.0
854,0.0,28.75,0.0,0.0
855,0.0,354.7,0.0,0.0
856,0.0,148.18,0.0,174.53
857,0.0,289.12,174.57,0.0
858,0.0,224.8,0.0,0.0
859,0.0,14.85,0.0,0.0
860,0.0,234.61,0.0,0.0
861,0.0,0.29,0.0,179.79
862,0.0,4.84,0.0,0.0
863,0.0,26.69,0.0,126.99
864,0.0,19.75,0.0,0.0
865,0.0,41.82,220.1,0.0
866,0.0,21.9,0.0,0.0
867,0.0,112.75,0.0,0.0
868,0.0,288.81,153.34,0.0
869,0.0,37.2,0.0,0.0
870,0.0,17.86,0.0,0.0
871,0.0,26.44,0.0,0.0
872,0.0,13.67,0.0,160.07
873,686.89,491.63,0.0,0.0
874,733.61,29.97,0.0,0.0
875,0.0,515.37,0.0,0.0
876,0.0,23.07,0.0,0.0
877,193.46,31.73,0.0,0.0
878,0.0,431.97,0.0,141.7
879,461.2,19.59,262.33,0.0
880,0.0,83.8,0.0,0.0
881,0.0,37.77,345.73,0.0
882,0.0,30.6,0.0,72.47
883,0.0,1038.5,249.91,0.0
884,736.02,830.46,0.0,0.0
885,0.0,342.89,0.0,0.0
886,157.31,16.68,0.0,0.0
887,0.0,44.52,0.0,0.0
888,0.0,240.85,0.0,243.95
889,0.0,414.02,0.0,0.0
890,0.0,5.19,0.0,0.0
891,0.0,26.54,0.0,0.0
892,0.0,38.95,0.0,0.0
893,0.0,421.36,0.0,0.0
894,194.91,154.73,0.0,116.06
895,0.0,29.97,0.0,54.48
896,448.51,815.82,0.0,0.0
897,0.0,17.05,420.31,0.0
898,0.0,393.61,0.0,0.0
899,0.0,15.18,0.0,0.0
900,341.22,43.23,0.0,0.0
901,273.23,7.09,0.0,0.0
902,0.0,15.7,0.0,0.0
903,0.0,42.4,0.0,0.0
904,377.16,794.23,0.0,0.0
905,0.0,146.2,0.0,178.11
906,0.0,948.02,0.0,0.0
907,0.0,304.67,0.0,159.12
908,270.85,19.58,0.0,0.0
909,0.0,372.1,0.0,0.0
910,0.0,27.83,0.0,0.0
911,725.12,277.84,0.0,0.0
912,0.0,25.26,312.2,0.0
913,0.0,142.08,0.0,0.0
914,0.0,31.59,0.0,232.98
915,0.0,6.57,0.0,0.0
916,0.0,156.1,0.0,67.43
917,446.07,11.15,0.0,0.0
918,0.0,15.96,0.0,0.0
919,0.0,46.85,0.0,0.0
920,215.33,3.46,0.0,0.0
921,0.0,353.36,0.0,0.0
922,0.0,17.24,260.7,0.0
923,0.0,276.01,0.0,0.0
924,0.0,45.68,287.1,0.0
925,442.02,13.16,0.0,0.0
926,0.0,23.91,0.0,0.0
927,0.0,1198.04,377.95,0.0
928,423.35,47.16,0.0,0.0
929,277.05,35.41,0.0,0.0
930,0.0,269.52,0.0,0.0
931,205.14,605.96,0.0,0.0
932,0.0,16.62,0.0,0.0
933,0.0,37.26,0.0,0.0
934,0.0,14.67,489.6,0.0
935,0.0,301.9,291.59,0.0
936,0.0,20.09,0.0,0.0
937,0.0,327.94,0.0,121.95
938,0.0,250.47,0.0,0.0
939,0.0,41.48,0.0,0.0
940,176.37,24.37,0.0,120.6
941,0.0,38.02,0.0,0.0
942,0.0,698.88,304.22,0.0
943,0.0,30.53,0.0,0.0
944,0.0,16.28,0.0,163.51
945,0.0,102.23,424.87,0.0
946,0.0,275.33,0.0,0.0
947,410.04,9.84,332.28,0.0
948,0.0,17.19,0.0,0.0
949,0.0,1.3,0.0,0.0
950,0.0,175.01,0.0,0.0
951,0.0,22.46,0.0,0.0
952,0.0,17.04,199.08,0.0
953,444.53,499.9,0.0,0.0
954,0.0,258.89,0.0,0.0
955,653.53,6.0,383.2,0.0
956,148.88,2.64,0.0,0.0
957,0.0,39.37,157.04,0.0
958,351.29,313.34,0.0,0.0
959,0.0,330.01,0.0,176.54
960,0.0,11.42,0.0,0.0
961,0.0,434.8,0.0,0.0
962,0.0,33.81,0.0,0.0
963,0.0,92.64,449.15,0.0
964,0.0,46.5,0.0,0.0
965,333.39,945.85,0.0,0.0
966,0.0,25.4,0.0,0.0
967,0.0,36.65,0.0,0.0
968,0.0,4.46,0.0,0.0
969,267.63,380.46,0.0,0.0
970,759.94,441.46,0.0,0.0
971,534.35,479.43,0.0,0.0
972,0.0,16.58,0.0,0.0
973,0.0,0.49,0.0,140.61
974,551.86,40.5,0.0,0.0
975,296.9,33.94,0.0,0.0
976,0.0,169.73,0.0,0.0
977,472.92,759.81,0.0,0.0
978,238.31,24.37,0.0,0.0
979,389.7,10.2,402.04,0.0
980,189.3,693.01,0.0,0.0
981,0.0,10.69,0.0,245.37
982,0.0,30.89,0.0,0.0
983,494.33,594.37,0.0,0.0
984,0.0,166.62,0.0,0.0
985,0.0,319.44,0.0,0.0
986,0.0,31.71,0.0,0.0
987,0.0,40.17,0.0,0.0
988,0.0,255.48,0.0,0.0
989,491.78,39.77,0.0,0.0
990,0.0,620.74,0.0,0.0
991,183.1,6.86,0.0,0.0
992,0.0,4.09,0.0,162.77
993,174.41,42.34,0.0,0.0
994,0.0,24.28,0.0,0.0
995,0.0,179.6,0.0,0.0
996,271.16,4.77,0.0,0.0
997,0.0,157.62,0.0,0.0
998,264.95,17.9,0.0,0.0
999,0.0,26.14,483.25,0.0
1000,0.0,216.61,0.0,263.43
1001,483.4,358.67,0.0,0.0
1002,316.63,786.36,0.0,0.0
1003,0.0,41.54,0.0,118.45
1004,382.23,1018.58,0.0,0.0
1005,0.0,229.19,0.0,192.32
1006,0.0,1.0,205.91,0.0
1007,0.0,10.05,0.0,0.0
1008,0.0,47.85,0.0,0.0
1009,335.64,1.68,0.0,0.0
1010,0.0,112.11,0.0,0.0
1011,257.2,0.9,0.0,0.0
1012,0.0,29.37,0.0,0.0
1013,0.0,22.78,0.0,84.02
1014,0.0,16.72,0.0,0.0
1015,190.84,21.54,0.0,0.0
1016,0.0,46.52,0.0,0.0
1017,0.0,38.67,0.0,0.0
1018,0.0,35.32,0.0,0.0
1019,0.0,43.89,0.0,0.0
1020,354.83,3.95,0.0,0.0
1021,147.38,277.8,0.0,68.68
1022,249.29,42.84,262.47,0.0
1023,0.0,38.58,459.72,0.0
1024,0.0,160.14,0.0,0.0
1025,0.0,10.48,0.0,168.61
1026,0.0,27.41,164.23,0.0
1027,0.0,841.33,0.0,0.0
1028,0.0,12.94,0.0,0.0
1029,0.0,316.6,0.0,0.0
1030,0.0,36.21,0.0,0.0
1031,174.46,10.73,0.0,185.42
1032,0.0,969.22,0.0,0.0
1033,0.0,25.4,333.7,0.0
1034,0.0,261.12,0.0,52.91
1035,240.35,45.46,0.0,0.0
1036,0.0,259.1,0.0,0.0
1037,0.0,42.0,0.0,0.0
1038,0.0,777.87,0.0,0.0
1039,139.83,38.73,0.0,0.0
1040,436.31,707.61,0.0,0.0
1041,722.72,697.23,0.0,0.0
1042,0.0,11.83,0.0,0.0
1043,0.0,47.22,0.0,0.0
1044,299.06,652.24,277.03,0.0
1045,0.0,39.13,0.0,0.0
1046,0.0,47.37,0.0,0.0
1047,376.55,29.33,459.59,0.0
1048,0.0,196.41,0.0,82.91
1049,0.0,5.22,0.0,0.0
1050,0.0,44.8,0.0,279.75
1051,0.0,341.42,408.36,175.79
1052,0.0,3.35,0.0,0.0
1053,0.0,25.11,0.0,0.0
1054,0.0,30.13,0.0,0.0
1055,0.0,282.47,0.0,0.0
1056,0.0,16.12,0.0,0.0
1057,0.0,328.89,0.0,146.92
1058,0.0,31.44,0.0,196.47
1059,0.0,35.85,0.0,204.5
1060,164.85,168.57,0.0,0.0
1061,0.0,12.42,0.0,0.0
1062,0.0,272.46,0.0,0.0
1063,0.0,38.34,0.0,0.0
1064,0.0,123.72,0.0,261.69
1065,360.46,28.27,0.0,0.0
1066,0.0,47.61,0.0,0.0
1067,0.0,4.85,334.61,0.0
1068,0.0,23.16,0.0,0.0
1069,102.66,40.97,0.0,295.85
1070,0.0,503.46,366.96,0.0
1071,0.0,36.83,0.0,0.0
1072,183.67,300.75,0.0,0.0
1073,406.63,232.02,0.0,0.0
1074,480.54,542.37,234.0,0.0
1075,0.0,45.81,490.96,106.98
1076,0.0,21.03,0.0,0.0
1077,0.0,2.14,0.0,0.0
1078,0.0,200.88,393.93,0.0
1079,0.0,166.16,0.0,0.0
1080,0.0,393.27,0.0,0.0
1081,0.0,17.62,0.0,0.0
1082,0.0,27.08,0.0,0.0
1083,0.0,40.12,0.0,226.92
1084,0.0,158.58,435.85,0.0
1085,0.0,45.33,0.0,0.0
1086,0.0,46.6,0.0,0.0
1087,798.99,10.42,0.0,0.0
1088,0.0,37.8,0.0,0.0
1089,0.0,4.17,0.0,0.0
1090,0.0,561.65,0.0,0.0
1091,0.0,1.54,0.0,0.0
1092,0.0,3.97,0.0,0.0
1093,203.28,457.16,0.0,0.0
1094,670.2,451.67,0.0,0.0
1095,0.0,1042.18,0.0,0.0
1096,435.17,1134.98,0.0,0.0
1097,0.0,104.25,0.0,251.91
1098,0.0,47.48,0.0,0.0
1099,0.0,2.07,0.0,0.0
1100,0.0,421.93,496.85,0.0
1101,215.31,533.76,453.89,0.0
1102,0.0,33.1,0.0,0.0
1103,0.0,163.37,0.0,0.0
1104,0.0,8.72,0.0,65.41
1105,0.0,41.44,0.0,55.57
1106,0.0,634.15,0.0,0.0
1107,0.0,137.19,311.1,251.23
1108,0.0,353.73,0.0,0.0
1109,189.87,41.81,0.0,0.0
1110,332.64,447.2,0.0,0.0
1111,0.0,22.02,0.0,0.0
1112,223.89,89.58,0.0,0.0
1113,631.54,648.66,0.0,0.0
1114,0.0,1.84,0.0,0.0
1115,0.0,184.82,0.0,0.0
1116,0.0,43.23,0.0,0.0
1117,485.42,44.26,0.0,0.0
1118,0.0,30.05,0.0,0.0
1119,0.0,165.72,0.0,0.0
1120,452.85,8.33,0.0,0.0
1121,0.0,119.14,0.0,0.0
1122,0.0,16.08,0.0,0.0
1123,0.0,1.83,411.58,198.25
1124,0.0,1231.33,0.0,0.0
1125,0.0,36.15,0.0,285.4
1126,0.0,0.81,0.0,227.05
1127,0.0,23.08,341.07,291.32
1128,564.96,21.5,0.0,0.0
1129,373.87,13.0,0.0,0.0
1130,0.0,14.54,0.0,55.03
1131,223.52,544.38,0.0,0.0
1132,0.0,235.35,0.0,0.0
1133,782.38,22.72,0.0,0.0
1134,0.0,28.59,0.0,174.2
1135,0.0,218.6,0.0,0.0
1136,0.0,142.49,0.0,119.06
1137,0.0,152.18,445.24,0.0
1138,642.44,40.39,448.38,0.0
1139,203.65,385.61,0.0,0.0
1140,0.0,18.25,0.0,0.0
1141,0.0,7.55,459.56,0.0
1142,0.0,8.57,0.0,0.0
1143,263.07,511.1,0.0,0.0
1144,298.08,275.46,328.06,0.0
1145,301.12,525.29,0.0,0.0
1146,0.0,506.6,328.49,0.0
1147,0.0,83.7,0.0,0.0
1148,334.32,646.81,0.0,0.0
1149,0.0,27.95,0.0,0.0
1150,0.0,29.68,0.0,0.0
1151,190.33,160.54,0.0,0.0
1152,0.0,818.88,0.0,0.0
1153,0.0,43.71,0.0,195.09
1154,372.35,927.71,0.0,0.0
1155,292.83,8.65,0.0,0.0
1156,0.0,169.68,0.0,134.28
1157,239.81,32.03,0.0,0.0
1158,0.0,42.27,0.0,0.0
1159,0.0,129.02,0.0,169.95
1160,0.0,29.48,0.0,0.0
1161,0.0,802.53,0.0,0.0
1162,0.0,97.14,0.0,0.0
1163,0.0,22.08,152.68,0.0
1164,0.0,269.48,0.0,0.0
1165,0.0,47.32,0.0,0.0
1166,0.0,47.41,0.0,141.28
1167,0.0,114.61,0.0,104.07
1168,212.01,264.65,489.67,0.0
1169,187.93,8.56,0.0,177.2
1170,0.0,210.41,0.0,0.0
1171,0.0,18.96,0.0,0.0
1172,0.0,468.67,0.0,135.7
1173,0.0,40.52,179.67,138.46
1174,228.29,42.4,0.0,107.93
1175,0.0,40.27,0.0,0.0
1176,0.0,70.48,0.0,0.0
1177,0.0,256.5,345.53,76.17
1178,0.0,114.03,0.0,162.64
1179,0.0,125.06,0.0,0.0
1180,0.0,7.14,152.85,0.0
1181,0.0,49.63,0.0,191.98
1182,0.0,179.2,450.98,178.21
1183,0.0,280.44,0.0,0.0
1184,0.0,9.04,0.0,0.0
1185,262.19,11.07,0.0,0.0
1186,0.0,288.14,0.0,175.39
1187,0.0,1.58,0.0,0.0
1188,568.23,32.1,0.0,0.0
1189,347.69,8.09,0.0,0.0
1190,0.0,39.14,0.0,0.0
1191,597.98,20.44,0.0,0.0
1192,0.0,35.09,0.0,0.0
1193,0.0,190.67,0.0,87.92
1194,0.0,360.71,296.63,227.67
1195,212.59,317.52,0.0,0.0
1196,0.0,213.97,0.0,0.0
1197,0.0,237.78,0.0,0.0
1198,0.0,22.39,0.0,0.0
1199,0.0,181.99,397.94,188.2
1200,0.0,154.15,0.0,0.0
1201,0.0,248.43,0.0,0.0
1202,104.87,25.79,0.0,0.0
1203,470.33,386.05,0.0,0.0
1204,0.0,109.2,0.0,0.0
1205,0.0,242.51,0.0,0.0
1206,0.0,36.31,0.0,0.0
1207,0.0,126.84,0.0,0.0
1208,0.0,185.27,168.79,0.0
1209,0.0,23.85,0.0,0.0
1210,0.0,146.58,0.0,265.64
1211,0.0,238.05,0.0,210.93
1212,168.74,1060.23,0.0,0.0
1213,0.0,346.29,0.0,0.0
1214,0.0,42.43,0.0,0.0
1215,0.0,9.62,0.0,0.0
1216,263.45,0.28,0.0,0.0
1217,245.18,9.79,0.0,0.0
1218,0.0,166.89,0.0,172.88
1219,0.0,17.73,0.0,0.0
1220,256.74,9.37,0.0,0.0
1221,0.0,30.09,0.0,0.0
1222,0.0,286.7,0.0,112.45
1223,0.0,258.75,0.0,0.0
1224,0.0,39.43,328.28,0.0
1225,0.0,36.7,266.04,195.85
1226,147.25,11.23,166.05,64.76
1227,0.0,35.39,0.0,0.0
1228,0.0,157.76,0.0,100.74
1229,0.0,7.12,0.0,0.0
1230,0.0,46.12,0.0,62.48
1231,0.0,4.32,0.0,186.16
1232,0.0,370.81,0.0,0.0
1233,0.0,38.33,0.0,0.0
1234,198.39,29.82,241.42,0.0
1235,0.0,27.83,0.0,183.95
1236,0.0,313.25,0.0,0.0
1237,0.0,381.94,0.0,0.0
1238,277.99,34.05,0.0,0.0
1239,0.0,35.85,0.0,74.84
1240,0.0,206.07,0.0,0.0
1241,0.0,42.75,0.0,0.0
1242,0.0,572.47,0.0,0.0
1243,0.0,313.01,0.0,245.11
1244,0.0,4.81,0.0,0.0
1245,0.0,151.35,0.0,0.0
1246,0.0,14.67,0.0,0.0
1247,0.0,160.56,0.0,0.0
1248,310.85,5.61,0.0,0.0
1249,0.0,8.93,0.0,0.0
1250,0.0,38.66,301.45,0.0
1251,0.0,8.55,0.0,0.0
1252,0.0,36.63,161.47,0.0
1253,0.0,1.71,276.62,0.0
1254,0.0,202.93,0.0,0.0
1255,0.0,412.15,0.0,0.0
1256,447.26,953.97,0.0,0.0
1257,172.63,23.68,0.0,0.0
1258,0.0,21.74,0.0,0.0
1259,0.0,526.4,178.12,0.0
1260,402.22,429.02,0.0,0.0
1261,0.0,7.23,0.0,0.0
1262,0.0,207.39,0.0,0.0
1263,0.0,537.62,0.0,0.0
1264,0.0,170.63,0.0,0.0
1265,156.8,195.68,0.0,0.0
1266,0.0,40.74,0.0,0.0
1267,0.0,15.99,0.0,0.0
1268,297.11,5.46,0.0,0.0
1269,0.0,175.02,0.0,0.0
1270,182.0,41.08,0.0,0.0
1271,0.0,8.43,0.0,0.0
1272,0.0,363.67,0.0,0.0
1273,0.0,22.56,0.0,0.0
1274,216.77,17.74,0.0,0.0
1275,0.0,438.34,301.11,0.0
1276,261.62,47.9,0.0,0.0
1277,299.58,18.7,0.0,0.0
1278,0.0,193.55,0.0,0.0
1279,295.72,30.99,0.0,273.91
1280,0.0,404.88,0.0,0.0
1281,0.0,44.13,0.0,294.52
1282,0.0,854.17,0.0,0.0
1283,412.0,17.47,176.62,0.0
1284,0.0,228.49,0.0,0.0
1285,0.0,442.32,0.0,0.0
1286,449.5,249.62,0.0,0.0
1287,0.0,183.58,0.0,71.08
1288,0.0,204.66,0.0,278.27
1289,0.0,7.3,0.0,0.0
1290,244.99,20.75,425.16,0.0
1291,589.33,649.53,0.0,0.0
1292,343.36,469.22,0.0,0.0
1293,0.0,318.28,351.36,130.96
1294,0.0,32.24,0.0,0.0
1295,0.0,35.43,285.94,0.0
1296,439.03,7.78,0.0,0.0
1297,483.06,665.52,0.0,0.0
1298,0.0,43.26,0.0,0.0
1299,0.0,26.36,0.0,0.0
1300,0.0,411.77,0.0,0.0
1301,494.01,460.44,0.0,0.0
1302,0.0,100.67,0.0,0.0
1303,259.18,361.21,0.0,73.6
1304,0.0,41.27,0.0,0.0
1305,0.0,42.89,0.0,0.0
1306,0.0,261.53,0.0,0.0
1307,0.0,148.74,350.9,0.0
1308,0.0,204.88,0.0,0.0
1309,0.0,196.98,0.0,0.0
1310,0.0,17.89,0.0,0.0
1311,0.0,14.04,0.0,0.0
1312,0.0,163.62,0.0,184.59
1313,0.0,31.8,0.0,0.0
1314,0.0,26.93,0.0,0.0
1315,234.33,9.81,0.0,110.7
1316,0.0,194.9,0.0,0.0
1317,302.76,523.65,0.0,0.0
1318,254.18,0.62,0.0,0.0
1319,0.0,36.53,0.0,0.0
1320,191.07,48.3,190.55,0.0
1321,0.0,85.76,413.95,0.0
1322,0.0,15.67,0.0,0.0
1323,0.0,384.51,249.59,0.0
1324,169.61,217.04,0.0,0.0
1325,0.0,339.45,0.0,0.0
1326,0.0,951.44,0.0,0.0
1327,0.0,74.93,0.0,0.0
1328,0.0,826.33,0.0,0.0
1329,0.0,724.71,0.0,0.0
1330,199.54,371.63,425.08,0.0
1331,283.68,26.36,407.05,0.0
1332,0.0,192.11,0.0,0.0
1333,247.9,6.42,0.0,0.0
1334,0.0,94.99,0.0,0.0
1335,0.0,189.06,0.0,114.57
1336,0.0,24.89,0.0,0.0
1337,637.9,33.69,0.0,0.0
1338,0.0,30.47,0.0,0.0
1339,0.0,96.84,0.0,0.0
1340,161.63,22.33,0.0,0.0
1341,0.0,683.3,371.25,0.0
1342,231.46,22.69,0.0,0.0
1343,0.0,372.85,0.0,138.49
1344,0.0,177.41,0.0,0.0
1345,0.0,2.01,0.0,0.0
1346,224.25,12.07,0.0,0.0
1347,254.09,26.56,0.0,0.0
1348,0.0,8.59,0.0,0.0
1349,0.0,39.08,0.0,0.0
1350,227.13,394.69,0.0,0.0
1351,0.0,538.37,0.0,0.0
1352,0.0,175.02,0.0,0.0
1353,498.86,13.45,0.0,0.0
1354,0.0,2.86,0.0,0.0
1355,0.0,393.8,0.0,0.0
1356,0.0,167.13,0.0,0.0
1357,0.0,2.69,0.0,0.0
1358,0.0,3.22,0.0,0.0
1359,0.0,30.58,0.0,0.0
1360,0.0,306.16,0.0,260.16
1361,0.0,7.74,0.0,0.0
1362,0.0,41.24,0.0,0.0
1363,0.0,20.27,0.0,0.0
1364,0.0,35.17,0.0,0.0
1365,0.0,402.51,0.0,0.0
1366,257.3,11.1,0.0,0.0
1367,0.0,194.95,0.0,0.0
1368,0.0,639.05,0.0,0.0
1369,485.92,39.98,0.0,0.0
1370,0.0,4.24,0.0,0.0
1371,0.0,25.09,0.0,0.0
1372,0.0,106.54,0.0,174.78
1373,0.0,34.09,265.59,0.0
1374,295.94,597.21,0.0,0.0
1375,230.8,44.36,0.0,0.0
1376,0.0,325.2,0.0,0.0
1377,0.0,340.04,0.0,0.0
1378,0.0,29.36,0.0,0.0
1379,0.0,17.54,0.0,189.16
1380,221.23,3.34,0.0,0.0
1381,0.0,13.07,0.0,0.0
1382,0.0,2.47,0.0,0.0
1383,0.0,87.13,0.0,186.92
1384,675.9,10.49,0.0,0.0
1385,0.0,173.98,0.0,0.0
1386,0.0,30.79,318.04,0.0
1387,235.79,1073.27,0.0,0.0
1388,0.0,35.17,0.0,0.0
1389,0.0,24.89,0.0,113.28
1390,0.0,0.51,0.0,0.0
1391,0.0,540.31,0.0,0.0
1392,0.0,18.94,0.0,0.0
1393,579.71,480.27,0.0,0.0
1394,465.33,31.54,232.85,0.0
1395,414.76,24.81,0.0,0.0
1396,0.0,271.49,0.0,0.0
1397,143.41,23.19,0.0,0.0
1398,0.0,14.18,0.0,0.0
1399,373.32,1162.69,258.67,0.0
1400,411.44,666.1,0.0,0.0
1401,0.0,26.29,0.0,89.23
1402,702.94,1047.14,0.0,0.0
1403,296.68,307.53,0.0,0.0
1404,0.0,226.08,0.0,0.0
1405,0.0,194.63,0.0,0.0
1406,0.0,39.82,0.0,0.0
1407,0.0,21.27,0.0,0.0
1408,0.0,380.16,0.0,0.0
1409,0.0,138.28,0.0,181.16
1410,0.0,301.6,0.0,276.08
1411,230.74,107.11,330.68,147.08
1412,0.0,675.17,0.0,0.0
1413,0.0,6.6,0.0,0.0
1414,0.0,145.77,269.23,293.68
1415,0.0,373.53,0.0,0.0
1416,0.0,3.24,0.0,51.63
1417,0.0,14.22,0.0,0.0
1418,0.0,328.66,0.0,0.0
1419,396.33,1213.63,0.0,0.0
1420,0.0,119.02,0.0,172.99
1421,0.0,3.01,0.0,0.0
1422,0.0,208.91,0.0,0.0
1423,0.0,136.1,0.0,293.42
1424,0.0,107.95,0.0,131.04
1425,0.0,193.49,0.0,0.0
1426,0.0,143.85,0.0,0.0
1427,0.0,360.75,0.0,0.0
1428,0.0,49.63,0.0,0.0
1429,0.0,6.78,0.0,0.0
1430,0.0,46.84,0.0,0.0
1431,0.0,114.43,0.0,83.6
1432,214.49,1.97,0.0,0.0
1433,0.0,244.88,0.0,0.0
1434,0.0,751.83,0.0,0.0
1435,0.0,443.69,308.35,0.0
1436,0.0,30.91,0.0,0.0
1437,0.0,2.45,0.0,0.0
1438,0.0,41.27,0.0,0.0
1439,253.65,702.55,0.0,0.0
1440,117.51,242.03,342.99,0.0
1441,0.0,347.32,0.0,0.0
1442,0.0,28.04,0.0,0.0
1443,0.0,46.4,0.0,0.0
1444,0.0,36.05,0.0,0.0
1445,0.0,208.73,0.0,0.0
1446,0.0,789.53,0.0,0.0
1447,0.0,1.68,0.0,0.0
1448,0.0,16.85,0.0,0.0
1449,0.0,28.99,0.0,234.11
1450,0.0,469.5,0.0,0.0
1451,400.05,479.35,0.0,0.0
1452,0.0,30.76,487.38,0.0
1453,0.0,33.23,0.0,0.0
1454,264.98,266.17,0.0,180.95
1455,261.17,572.5,0.0,0.0
1456,0.0,26.27,0.0,0.0
1457,0.0,45.33,173.39,0.0
1458,0.0,5.66,0.0,0.0
1459,640.54,770.19,0.0,0.0
1460,0.0,25.79,0.0,0.0
1461,612.07,18.4,0.0,0.0
1462,655.52,689.1,0.0,0.0
1463,102.8,222.77,0.0,224.98
1464,244.35,563.87,0.0,0.0
1465,0.0,209.24,0.0,0.0
1466,0.0,48.88,0.0,0.0
1467,0.0,17.09,0.0,0.0
1468,0.0,366.11,0.0,0.0
1469,0.0,131.94,0.0,0.0
1470,0.0,292.92,0.0,0.0
1471,0.0,27.79,0.0,134.06
1472,0.0,140.52,0.0,129.2
1473,0.0,22.08,0.0,0.0
1474,0.0,76.93,181.77,0.0
1475,541.24,42.92,0.0,0.0
1476,0.0,16.32,0.0,0.0
1477,0.0,285.15,0.0,74.21
1478,0.0,42.35,0.0,0.0
1479,0.0,5.61,279.78,0.0
1480,324.36,591.2,280.35,0.0
1481,0.0,2.66,0.0,0.0
1482,0.0,146.25,0.0,93.57
1483,385.82,1726.78,0.0,0.0
1484,544.66,399.4,0.0,0.0
1485,0.0,38.23,338.6,0.0
1486,197.15,518.47,0.0,0.0
1487,0.0,205.37,0.0,0.0
1488,238.44,13.5,0.0,0.0
1489,0.0,26.79,0.0,0.0
1490,0.0,208.98,0.0,0.0
1491,264.29,192.98,0.0,0.0
1492,0.0,267.42,0.0,0.0
1493,206.66,345.14,0.0,0.0
1494,0.0,42.53,0.0,0.0
1495,0.0,375.86,0.0,0.0
1496,375.97,45.8,0.0,0.0
1497,586.67,21.76,0.0,0.0
1498,275.52,40.05,0.0,0.0
1499,0.0,17.8,0.0,0.0
1500,0.0,49.89,0.0,0.0
1501,206.23,17.29,0.0,0.0
1502,0.0,167.82,0.0,183.6
1503,0.0,13.51,192.21,79.55
1504,546.91,368.67,0.0,0.0
1505,0.0,36.87,0.0,0.0
1506,397.77,36.87,0.0,0.0
1507,0.0,46.47,0.0,276.86
1508,0.0,17.84,0.0,0.0
1509,417.47,2.84,0.0,0.0
1510,0.0,48.3,0.0,296.73
1511,0.0,49.93,0.0,90.74
1512,0.0,548.25,0.0,0.0
1513,0.0,169.56,0.0,267.05
1514,0.0,249.79,0.0,0.0
1515,0.0,348.52,0.0,0.0
1516,185.38,38.12,0.0,193.79
1517,532.05,510.21,0.0,0.0
1518,0.0,403.21,0.0,0.0
1519,175.69,33.39,0.0,0.0
1520,0.0,34.74,0.0,0.0
1521,0.0,40.82,0.0,0.0
1522,0.0,165.74,0.0,106.95
1523,0.0,278.28,0.0,0.0
1524,0.0,149.12,0.0,107.62
1525,0.0,34.38,0.0,0.0
1526,0.0,40.96,451.73,187.79
1527,0.0,44.81,0.0,0.0
1528,237.53,41.94,295.12,0.0
1529,0.0,1111.61,0.0,0.0
1530,225.0,39.03,0.0,0.0
1531,719.47,18.22,0.0,0.0
1532,0.0,10.61,0.0,0.0
1533,0.0,392.49,0.0,0.0
1534,481.04,1036.35,0.0,0.0
1535,127.64,43.6,0.0,103.16
1536,0.0,367.71,0.0,0.0
1537,0.0,49.19,0.0,0.0
1538,367.57,526.29,0.0,0.0
1539,0.0,36.55,206.07,0.0
1540,386.73,34.92,0.0,0.0
1541,127.35,581.24,0.0,0.0
1542,324.87,12.37,0.0,0.0
1543,155.6,25.72,0.0,0.0
1544,173.08,23.64,0.0,0.0
1545,0.0,403.12,0.0,159.44
1546,0.0,35.7,0.0,107.89
1547,0.0,25.62,0.0,0.0
1548,264.24,10.58,197.15,0.0
1549,0.0,34.58,0.0,131.42
1550,0.0,48.4,0.0,0.0
1551,0.0,2.08,0.0,0.0
1552,0.0,256.16,0.0,0.0
1553,0.0,919.63,0.0,0.0
1554,0.0,34.32,0.0,0.0
1555,104.05,272.68,0.0,106.31
1556,421.48,283.59,0.0,0.0
1557,0.0,48.84,0.0,0.0
1558,181.35,512.52,0.0,0.0
1559,0.0,709.22,0.0,0.0
1560,0.0,18.45,0.0,0.0
1561,0.0,278.34,0.0,0.0
1562,463.37,25.41,407.28,0.0
1563,0.0,38.43,0.0,0.0
1564,562.38,992.53,0.0,0.0
1565,0.0,0.7,0.0,0.0
1566,244.29,17.64,0.0,0.0
1567,386.8,27.19,161.43,0.0
1568,551.43,482.49,0.0,0.0
1569,0.0,146.65,440.31,0.0
1570,0.0,291.86,0.0,127.18
1571,122.39,238.79,0.0,0.0
1572,0.0,202.24,0.0,0.0
1573,0.0,25.69,262.0,0.0
1574,0.0,166.58,0.0,53.96
1575,569.47,878.99,0.0,0.0
1576,0.0,229.39,0.0,0.0
1577,0.0,47.76,0.0,0.0
1578,0.0,5.01,0.0,171.36
1579,0.0,197.67,463.97,0.0
1580,0.0,390.32,0.0,0.0
1581,186.66,42.16,442.74,0.0
1582,265.37,11.37,0.0,0.0
1583,371.72,392.86,0.0,0.0
1584,0.0,223.54,0.0,271.11
1585,0.0,182.82,0.0,0.0
1586,167.1,32.05,0.0,70.64
1587,0.0,627.04,0.0,0.0
1588,208.15,18.83,477.15,0.0
1589,232.87,39.1,0.0,0.0
1590,0.0,650.11,0.0,0.0
1591,0.0,30.03,0.0,0.0
1592,0.0,19.56,0.0,0.0
1593,0.0,168.63,262.81,169.16
1594,606.85,10.92,0.0,0.0
1595,0.0,48.79,0.0,51.43
1596,0.0,234.95,0.0,0.0
1597,0.0,5.08,0.0,0.0
1598,239.31,15.74,0.0,0.0
1599,178.52,464.08,0.0,0.0
1600,0.0,29.29,0.0,0.0
1601,215.2,22.53,227.27,0.0
1602,0.0,571.97,325.01,0.0
1603,431.82,20.15,0.0,0.0
1604,0.0,19.86,0.0,0.0
1605,0.0,8.69,0.0,0.0
1606,0.0,507.65,335.55,72.39
1607,436.44,27.53,0.0,0.0
1608,0.0,2.49,0.0,0.0
1609,233.56,28.29,0.0,0.0
1610,0.0,906.96,0.0,0.0
1611,0.0,257.34,0.0,0.0
1612,0.0,14.83,0.0,0.0
1613,416.65,763.2,448.53,0.0
1614,0.0,30.21,0.0,0.0
1615,0.0,35.96,0.0,0.0
1616,430.61,820.95,0.0,0.0
1617,0.0,163.95,0.0,0.0
1618,0.0,2.33,0.0,0.0
1619,0.0,185.64,0.0,119.36
1620,0.0,90.77,399.18,0.0
1621,553.02,5.87,183.61,0.0
1622,0.0,88.06,0.0,94.13
1623,0.0,8.46,0.0,0.0
1624,0.0,10.05,212.14,0.0
1625,0.0,9.35,0.0,0.0
1626,0.0,267.7,0.0,0.0
1627,0.0,10.76,0.0,0.0
1628,410.28,1.56,0.0,0.0
1629,0.0,26.36,313.29,0.0
1630,476.47,38.77,0.0,0.0
1631,254.79,567.37,0.0,0.0
1632,0.0,304.97,0.0,275.53
1633,0.0,28.43,283.13,0.0
1634,0.0,436.87,0.0,0.0
1635,0.0,9.49,0.0,0.0
1636,265.59,492.84,0.0,0.0
1637,391.47,5.66,0.0,0.0
1638,0.0,25.17,158.65,0.0
1639,0.0,148.26,0.0,198.12
1640,0.0,2.76,0.0,0.0
1641,368.71,1038.71,0.0,0.0
1642,0.0,188.49,0.0,0.0
1643,0.0,451.61,0.0,0.0
1644,0.0,31.61,0.0,0.0
1645,201.85,379.63,0.0,0.0
1646,0.0,479.03,0.0,0.0
1647,215.8,76.86,0.0,0.0
1648,0.0,10.6,314.25,99.7
1649,0.0,4.58,0.0,0.0
1650,0.0,21.16,156.31,201.51
1651,0.0,10.02,0.0,0.0
1652,0.0,182.33,0.0,0.0
1653,0.0,10.18,0.0,90.57
1654,0.0,16.97,0.0,0.0
1655,0.0,164.53,0.0,0.0
1656,0.0,41.92,0.0,0.0
1657,0.0,449.17,0.0,0.0
1658,0.0,49.75,0.0,85.11
1659,0.0,85.79,0.0,0.0
1660,768.7,836.92,0.0,0.0
1661,282.76,250.48,0.0,270.71
1662,0.0,181.91,0.0,0.0
1663,0.0,36.35,0.0,0.0
1664,0.0,33.19,0.0,0.0
1665,0.0,306.55,351.7,98.13
1666,0.0,484.54,0.0,0.0
1667,0.0,13.54,188.02,0.0
1668,0.0,20.82,0.0,0.0
1669,0.0,33.18,448.76,0.0
1670,0.0,608.35,0.0,0.0
1671,727.17,49.21,0.0,0.0
1672,0.0,126.16,0.0,100.64
1673,0.0,27.35,0.0,0.0
1674,0.0,49.75,0.0,0.0
1675,0.0,238.46,0.0,0.0
1676,236.32,194.87,0.0,0.0
1677,0.0,40.43,0.0,236.41
1678,0.0,549.35,0.0,0.0
1679,235.16,20.4,0.0,0.0
1680,0.0,170.88,0.0,0.0
1681,0.0,27.49,0.0,0.0
1682,0.0,48.35,0.0,231.13
1683,0.0,182.02,0.0,0.0
1684,0.0,6.49,398.66,0.0
1685,0.0,19.56,0.0,0.0
1686,0.0,154.07,0.0,0.0
1687,0.0,309.99,230.69,0.0
1688,0.0,25.1,0.0,96.34
1689,0.0,126.95,0.0,147.49
1690,0.0,448.44,0.0,134.43
1691,121.73,48.93,0.0,261.98
1692,347.46,36.31,0.0,0.0
1693,0.0,130.69,222.01,0.0
1694,0.0,220.5,0.0,275.89
1695,0.0,106.0,0.0,0.0
1696,250.5,25.9,0.0,0.0
1697,342.73,521.85,0.0,0.0
1698,0.0,312.43,0.0,0.0
1699,0.0,38.86,0.0,0.0
1700,122.6,289.75,0.0,0.0
1701,0.0,309.23,366.95,0.0
1702,492.19,444.43,230.84,0.0
1703,221.28,45.34,357.98,0.0
1704,0.0,35.03,0.0,0.0
1705,0.0,16.79,420.68,0.0
1706,0.0,32.43,342.18,0.0
1707,0.0,22.64,0.0,0.0
1708,453.51,185.99,0.0,0.0
1709,0.0,190.69,0.0,213.64
1710,0.0,23.76,426.57,0.0
1711,0.0,25.37,0.0,0.0
1712,150.75,6.42,0.0,0.0
1713,0.0,26.89,0.0,0.0
1714,0.0,208.8,401.4,0.0
1715,483.59,26.06,0.0,0.0
1716,0.0,8.22,0.0,0.0
1717,226.69,242.78,0.0,0.0
1718,0.0,10.8,0.0,0.0
1719,0.0,46.53,0.0,0.0
1720,0.0,133.75,0.0,173.34
1721,0.0,320.85,0.0,0.0
1722,470.64,397.99,0.0,0.0
1723,0.0,36.16,0.0,0.0
1724,0.0,279.21,0.0,0.0
1725,0.0,1016.57,0.0,0.0
1726,417.58,40.02,0.0,0.0
1727,0.0,243.28,0.0,0.0
1728,0.0,43.48,0.0,163.79
1729,0.0,38.43,0.0,0.0
1730,0.0,35.72,0.0,0.0
1731,0.0,28.21,0.0,0.0
1732,0.0,0.4,0.0,0.0
1733,0.0,81.94,0.0,72.59
1734,0.0,7.44,0.0,0.0
1735,178.44,276.23,0.0,0.0
1736,0.0,19.33,0.0,0.0
1737,0.0,372.0,0.0,126.48
1738,0.0,147.75,0.0,0.0
1739,0.0,125.72,0.0,0.0
1740,183.0,9.8,0.0,0.0
1741,0.0,533.76,350.24,0.0
1742,0.0,279.37,0.0,0.0
1743,0.0,364.63,0.0,0.0
1744,0.0,34.65,0.0,0.0
1745,180.1,396.74,0.0,0.0
1746,0.0,6.36,0.0,0.0
1747,0.0,28.44,0.0,0.0
1748,0.0,18.61,0.0,0.0
1749,0.0,328.05,218.57,0.0
1750,0.0,48.02,0.0,0.0
1751,185.3,29.76,0.0,0.0
1752,0.0,264.53,0.0,0.0
1753,0.0,273.66,0.0,0.0
1754,0.0,223.54,0.0,73.12
1755,0.0,45.42,0.0,0.0
1756,0.0,1.06,0.0,0.0
1757,0.0,109.59,301.08,0.0
1758,0.0,7.39,0.0,0.0
1759,0.0,29.38,0.0,0.0
1760,0.0,40.67,0.0,136.8
1761,0.0,35.66,218.76,236.89
1762,0.0,7.55,0.0,0.0
1763,442.25,23.56,0.0,0.0
1764,472.47,35.44,0.0,0.0
1765,0.0,272.19,0.0,52.48
1766,446.45,368.81,0.0,0.0
1767,0.0,415.72,0.0,150.83
1768,0.0,25.22,303.05,0.0
1769,0.0,353.33,0.0,0.0
1770,0.0,1.09,0.0,0.0
1771,0.0,252.24,0.0,269.42
1772,0.0,5.99,231.1,0.0
1773,0.0,23.27,0.0,127.72
1774,0.0,27.09,0.0,0.0
1775,302.36,33.12,0.0,0.0
1776,0.0,305.24,0.0,147.62
1777,0.0,11.08,0.0,0.0
1778,0.0,262.9,0.0,0.0
1779,429.25,4.35,0.0,0.0
1780,0.0,37.35,0.0,0.0
1781,0.0,21.64,218.36,93.48
1782,0.0,835.06,0.0,0.0
1783,0.0,0.01,0.0,0.0
1784,207.4,0.37,275.61,0.0
1785,104.23,412.96,0.0,0.0
1786,0.0,42.53,0.0,0.0
1787,0.0,38.71,0.0,0.0
1788,0.0,25.14,0.0,0.0
1789,0.0,7.03,0.0,240.46
1790,288.26,42.78,0.0,0.0
1791,0.0,535.29,0.0,0.0
1792,0.0,15.57,0.0,0.0
1793,0.0,32.06,0.0,0.0
1794,0.0,7.14,0.0,0.0
1795,0.0,1.48,0.0,0.0
1796,121.74,135.23,0.0,0.0
1797,0.0,38.23,0.0,0.0
1798,250.86,583.74,0.0,0.0
1799,0.0,37.65,0.0,212.91
1800,0.0,6.92,0.0,0.0
1801,0.0,41.32,0.0,114.55
1802,0.0,130.16,0.0,171.11
1803,0.0,2.94,0.0,0.0
1804,0.0,1171.07,0.0,0.0
1805,224.41,332.96,468.73,0.0
1806,0.0,611.86,0.0,0.0
1807,0.0,364.45,0.0,0.0
1808,0.0,33.5,0.0,0.0
1809,0.0,222.42,0.0,0.0
1810,0.0,114.83,0.0,0.0
1811,0.0,22.54,0.0,0.0
1812,0.0,238.37,0.0,0.0
1813,455.49,41.16,384.54,0.0
1814,0.0,9.05,0.0,0.0
1815,0.0,515.61,0.0,0.0
1816,0.0,25.41,393.98,0.0
1817,257.56,46.54,0.0,0.0
1818,0.0,276.43,0.0,0.0
1819,0.0,35.34,0.0,87.85
1820,0.0,12.7,0.0,244.12
1821,0.0,28.01,0.0,77.09
1822,377.0,628.7,0.0,0.0
1823,0.0,42.67,0.0,0.0
1824,0.0,27.34,0.0,0.0
1825,0.0,33.19,0.0,0.0
1826,0.0,182.28,0.0,0.0
1827,185.09,41.03,0.0,0.0
1828,0.0,341.77,0.0,0.0
1829,0.0,7.36,312.14,0.0
1830,0.0,269.29,0.0,100.4
1831,0.0,59.89,0.0,233.87
1832,188.05,384.28,292.96,0.0
1833,353.98,832.73,0.0,0.0
1834,0.0,4.15,0.0,0.0
1835,0.0,778.8,0.0,0.0
1836,0.0,42.22,0.0,0.0
1837,212.12,27.25,0.0,0.0
1838,0.0,511.97,0.0,0.0
1839,0.0,14.35,0.0,0.0
1840,0.0,8.71,0.0,213.14
1841,0.0,402.61,0.0,0.0
1842,231.53,7.53,0.0,0.0
1843,0.0,11.49,0.0,0.0
1844,298.71,677.28,0.0,0.0
1845,0.0,334.0,0.0,0.0
1846,0.0,28.68,0.0,0.0
1847,656.45,356.72,0.0,0.0
1848,285.73,446.83,0.0,0.0
1849,0.0,210.67,0.0,0.0
1850,0.0,1.59,0.0,0.0
1851,393.82,1017.64,0.0,0.0
1852,0.0,47.05,0.0,0.0
1853,0.0,159.19,0.0,0.0
1854,0.0,396.61,0.0,0.0
1855,0.0,30.89,206.81,0.0
1856,0.0,40.12,0.0,162.78
1857,0.0,292.93,0.0,0.0
1858,0.0,32.3,0.0,0.0
1859,0.0,32.16,0.0,181.46
1860,0.0,19.84,0.0,0.0
1861,0.0,13.5,0.0,81.16
1862,283.22,244.59,0.0,0.0
1863,521.64,810.52,0.0,0.0
1864,221.57,31.78,0.0,70.91
1865,0.0,10.35,0.0,0.0
1866,0.0,10.55,189.85,0.0
1867,162.1,35.71,0.0,0.0
1868,223.09,543.72,0.0,0.0
1869,497.75,49.26,0.0,58.58
1870,0.0,256.64,0.0,0.0
1871,269.72,385.76,0.0,0.0
1872,0.0,0.92,0.0,265.55
1873,315.85,19.32,0.0,0.0
1874,0.0,159.54,0.0,0.0
1875,0.0,522.05,0.0,0.0
1876,0.0,12.67,0.0,0.0
1877,0.0,174.12,227.16,0.0
1878,0.0,235.85,432.78,0.0
1879,0.0,25.5,0.0,0.0
1880,0.0,15.39,0.0,0.0
1881,105.33,9.02,0.0,0.0
1882,0.0,7.19,0.0,0.0
1883,0.0,23.44,0.0,0.0
1884,0.0,205.46,0.0,0.0
1885,0.0,10.11,0.0,0.0
1886,236.28,11.37,0.0,0.0
1887,430.51,525.29,0.0,0.0
1888,273.12,471.9,417.82,0.0
1889,0.0,37.44,0.0,0.0
1890,0.0,474.03,0.0,0.0
1891,149.23,38.48,0.0,0.0
1892,388.46,574.43,0.0,0.0
1893,0.0,24.74,0.0,0.0
1894,0.0,46.98,0.0,0.0
1895,0.0,90.17,0.0,0.0
1896,0.0,24.03,0.0,0.0
1897,0.0,109.97,0.0,0.0
1898,0.0,194.32,0.0,0.0
1899,0.0,18.52,0.0,0.0
1900,0.0,695.6,0.0,0.0
1901,0.0,40.37,0.0,0.0
1902,570.25,291.85,0.0,0.0
1903,0.0,32.44,0.0,0.0
1904,237.64,18.97,0.0,0.0
1905,0.0,25.39,0.0,0.0
1906,476.26,745.19,0.0,0.0
1907,0.0,47.18,164.76,0.0
1908,0.0,362.18,0.0,0.0
1909,200.01,7.36,0.0,0.0
1910,257.59,216.98,298.08,0.0
1911,0.0,761.51,0.0,0.0
1912,0.0,868.86,0.0,0.0
1913,0.0,1.39,0.0,0.0
1914,0.0,0.78,0.0,0.0
1915,0.0,17.37,0.0,104.54
1916,0.0,45.87,0.0,0.0
1917,0.0,47.63,346.85,123.67
1918,198.91,4.83,0.0,0.0
1919,0.0,213.91,0.0,0.0
1920,0.0,332.52,0.0,138.35
1921,0.0,344.39,0.0,0.0
1922,0.0,156.76,0.0,0.0
1923,0.0,402.08,0.0,0.0
1924,376.65,15.11,200.85,0.0
1925,0.0,80.65,0.0,0.0
1926,315.49,426.53,0.0,0.0
1927,219.38,4.95,0.0,0.0
1928,0.0,27.33,0.0,0.0
1929,0.0,46.39,0.0,0.0
1930,0.0,36.87,0.0,0.0
1931,0.0,38.14,0.0,0.0
1932,0.0,0.51,0.0,0.0
1933,0.0,31.85,0.0,198.03
1934,219.09,22.64,0.0,0.0
1935,269.0,257.13,0.0,0.0
1936,0.0,12.71,0.0,0.0
1937,0.0,10.54,0.0,113.12
1938,0.0,29.2,0.0,0.0
1939,0.0,20.85,0.0,0.0
1940,0.0,270.69,0.0,0.0
1941,145.91,361.93,360.69,244.97
1942,104.25,21.47,0.0,0.0
1943,0.0,785.72,0.0,0.0
1944,482.68,48.44,347.6,0.0
1945,0.0,12.68,0.0,0.0
1946,162.73,672.17,0.0,0.0
1947,273.29,713.33,0.0,0.0
1948,305.88,616.93,171.91,0.0
1949,0.0,43.65,427.9,0.0
1950,0.0,37.5,0.0,0.0
1951,115.35,46.5,0.0,0.0
1952,203.2,291.26,0.0,0.0
1953,0.0,13.73,0.0,0.0
1954,0.0,169.6,0.0,0.0
1955,0.0,3.61,0.0,0.0
1956,0.0,10.98,0.0,0.0
1957,160.32,366.4,0.0,0.0
1958,212.94,4.46,0.0,0.0
1959,0.0,34.59,0.0,0.0
1960,0.0,656.28,0.0,0.0
1961,0.0,46.6,0.0,80.68
1962,107.43,34.06,0.0,0.0
1963,0.0,22.72,0.0,0.0
1964,0.0,28.88,0.0,0.0
1965,195.16,44.12,0.0,0.0
1966,0.0,6.37,0.0,0.0
1967,439.35,2.5,0.0,0.0
1968,426.51,14.27,0.0,0.0
1969,301.15,0.74,286.35,0.0
1970,0.0,50.77,0.0,0.0
1971,0.0,9.7,0.0,195.57
1972,0.0,20.55,314.77,0.0
1973,229.4,41.25,422.47,61.6
1974,0.0,23.08,0.0,0.0
1975,127.84,18.21,0.0,161.16
1976,0.0,351.02,0.0,0.0
1977,0.0,330.38,0.0,0.0
1978,439.64,832.81,0.0,0.0
1979,0.0,26.89,0.0,0.0
1980,0.0,42.71,0.0,69.58
1981,387.44,428.4,0.0,0.0
1982,0.0,825.35,0.0,0.0
1983,455.41,45.7,0.0,0.0
1984,0.0,32.32,0.0,102.94
1985,0.0,31.43,0.0,130.24
1986,0.0,2.39,0.0,0.0
1987,0.0,381.61,0.0,0.0
1988,451.49,690.18,0.0,0.0
1989,0.0,226.34,0.0,0.0
1990,0.0,5.15,0.0,0.0
1991,0.0,35.39,376.92,0.0
1992,0.0,2.61,0.0,0.0
1993,0.0,474.28,0.0,0.0
1994,0.0,27.34,341.05,0.0
1995,0.0,9.31,0.0,0.0
1996,0.0,13.78,0.0,284.02
1997,0.0,133.44,0.0,0.0
1998,362.04,234.13,379.53,0.0
1999,0.0,180.81,0.0,0.0
2000,637.98,412.5,0.0,0.0
2001,0.0,23.75,318.7,0.0
2002,285.19,542.55,0.0,0.0
2003,0.0,3.89,314.59,0.0
2004,0.0,11.79,0.0,234.32
2005,347.74,47.85,365.27,0.0
2006,0.0,12.56,0.0,0.0
2007,0.0,40.73,0.0,0.0
2008,0.0,406.32,0.0,0.0
2009,0.0,30.83,253.66,0.0
2010,124.43,348.15,0.0,0.0
2011,280.85,113.56,0.0,0.0
2012,0.0,10.65,0.0,198.14
2013,0.0,20.88,0.0,0.0
2014,0.0,87.89,0.0,237.0
2015,0.0,41.42,0.0,0.0
2016,0.0,205.13,0.0,196.47
2017,0.0,45.41,0.0,0.0
2018,0.0,571.65,312.24,0.0
2019,0.0,171.72,0.0,68.72
2020,172.34,557.28,0.0,0.0
2021,0.0,48.23,462.71,0.0
2022,356.35,832.16,0.0,0.0
2023,0.0,28.25,0.0,134.55
2024,0.0,17.48,0.0,0.0
2025,0.0,131.92,0.0,93.9
2026,0.0,462.38,0.0,0.0
2027,0.0,20.13,0.0,0.0
2028,0.0,15.17,0.0,0.0
2029,0.0,1149.47,370.99,0.0
2030,0.0,21.34,343.97,0.0
2031,294.92,12.44,0.0,0.0
2032,293.8,492.77,0.0,0.0
2033,0.0,5.92,0.0,55.53
2034,0.0,31.59,0.0,0.0
2035,188.51,43.85,0.0,0.0
2036,0.0,3.79,0.0,0.0
2037,0.0,16.87,0.0,0.0
2038,273.72,338.01,0.0,0.0
2039,0.0,765.64,0.0,0.0
2040,0.0,2.67,0.0,0.0
2041,0.0,163.98,0.0,164.4
2042,0.0,3.29,0.0,0.0
2043,487.58,1259.68,0.0,0.0
2044,0.0,32.38,0.0,0.0
2045,0.0,8.79,464.23,146.05
2046,0.0,47.55,0.0,0.0
2047,263.35,183.53,246.44,0.0
2048,0.0,188.29,0.0,0.0
2049,240.77,282.17,0.0,0.0
2050,350.3,30.62,469.12,0.0
2051,463.49,15.7,0.0,0.0
2052,0.0,30.96,302.14,0.0
2053,0.0,15.3,0.0,0.0
2054,0.0,0.3,0.0,169.18
2055,0.0,37.41,164.41,119.04
2056,461.29,1246.85,0.0,0.0
2057,0.0,18.47,0.0,0.0
2058,0.0,161.05,0.0,0.0
2059,0.0,333.68,0.0,0.0
2060,0.0,26.52,207.3,111.36
2061,326.2,0.08,0.0,0.0
2062,281.09,936.52,448.85,0.0
2063,177.46,410.71,0.0,0.0
2064,234.14,252.6,0.0,141.13
2065,282.58,27.78,453.2,0.0
2066,0.0,24.37,0.0,0.0
2067,209.95,6.71,0.0,0.0
2068,0.0,638.26,0.0,0.0
2069,0.0,128.51,0.0,135.08
2070,0.0,263.23,0.0,0.0
2071,287.73,1020.34,0.0,0.0
2072,0.0,23.56,221.49,0.0
2073,100.78,352.72,0.0,59.63
2074,0.0,553.11,0.0,0.0
2075,0.0,48.69,0.0,85.09
2076,0.0,462.32,0.0,95.29
2077,216.63,331.94,0.0,0.0
2078,341.88,34.24,441.91,0.0
2079,0.0,49.23,0.0,116.75
2080,0.0,27.99,0.0,0.0
2081,0.0,180.05,0.0,0.0
2082,0.0,183.97,0.0,0.0
2083,0.0,36.79,0.0,204.73
2084,0.0,44.67,0.0,0.0
2085,0.0,352.53,398.62,0.0
2086,0.0,45.9,0.0,0.0
2087,0.0,21.33,0.0,0.0
2088,478.87,41.3,0.0,0.0
2089,0.0,156.52,160.69,0.0
2090,0.0,164.69,0.0,134.78
2091,0.0,28.61,0.0,0.0
2092,0.0,206.53,0.0,0.0
2093,214.11,191.6,0.0,0.0
2094,291.26,48.13,439.72,0.0
2095,449.34,3.42,0.0,0.0
2096,0.0,37.78,0.0,0.0
2097,0.0,23.34,0.0,0.0
2098,0.0,28.39,0.0,109.49
2099,369.53,15.69,0.0,0.0
2100,0.0,373.77,0.0,0.0
2101,0.0,33.32,0.0,0.0
2102,492.19,26.06,0.0,0.0
2103,124.76,49.27,0.0,98.84
2104,183.7,30.44,0.0,0.0
2105,0.0,221.75,0.0,0.0
2106,218.16,11.22,0.0,0.0
2107,0.0,35.65,168.17,71.69
2108,0.0,361.63,398.3,0.0
2109,0.0,93.73,0.0,0.0
2110,0.0,5.22,0.0,94.48
2111,320.31,781.58,0.0,0.0
2112,206.73,639.44,0.0,0.0
2113,301.5,756.49,0.0,0.0
2114,0.0,4.77,0.0,0.0
2115,0.0,145.92,0.0,0.0
2116,0.0,300.5,0.0,0.0
2117,0.0,14.91,0.0,0.0
2118,304.24,22.32,0.0,0.0
2119,462.11,296.09,0.0,0.0
2120,0.0,499.45,0.0,0.0
2121,0.0,821.73,0.0,0.0
2122,184.01,148.09,0.0,103.17
2123,0.0,88.75,0.0,0.0
2124,613.9,10.21,0.0,0.0
2125,0.0,193.35,0.0,0.0
2126,523.72,1135.14,273.95,0.0
2127,239.73,8.38,0.0,0.0
2128,193.13,32.31,0.0,0.0
2129,0.0,3.55,0.0,0.0
2130,0.0,504.82,0.0,0.0
2131,0.0,43.97,0.0,107.31
2132,319.38,26.42,0.0,0.0
2133,0.0,190.05,0.0,0.0
2134,0.0,300.02,0.0,0.0
2135,225.3,25.09,0.0,0.0
2136,0.0,2.96,361.0,0.0
2137,286.84,756.16,0.0,0.0
2138,0.0,220.74,0.0,0.0
2139,184.91,198.95,0.0,0.0
2140,0.0,278.44,397.25,0.0
2141,0.0,222.4,0.0,88.37
2142,0.0,150.56,0.0,0.0
2143,538.87,48.47,176.45,0.0
2144,332.28,845.6,0.0,0.0
2145,334.59,25.81,0.0,0.0
2146,0.0,19.35,0.0,0.0
2147,112.14,9.12,0.0,198.56
2148,0.0,293.99,0.0,0.0
2149,264.46,19.0,250.6,0.0
2150,0.0,438.17,0.0,0.0
2151,322.93,199.99,321.44,0.0
2152,269.8,311.62,0.0,0.0
2153,0.0,29.25,0.0,290.22
2154,0.0,0.75,0.0,0.0
2155,0.0,102.17,0.0,0.0
2156,0.0,84.25,0.0,0.0
2157,381.0,35.4,0.0,0.0
2158,439.32,46.55,0.0,0.0
2159,223.43,756.57,0.0,0.0
2160,0.0,295.52,0.0,0.0
2161,513.05,422.6,263.54,0.0
2162,232.62,31.77,0.0,0.0
2163,450.81,13.81,0.0,0.0
2164,0.0,46.08,0.0,0.0
2165,0.0,20.85,0.0,0.0
2166,0.0,636.51,371.29,0.0
2167,175.89,46.12,0.0,0.0
2168,0.0,316.16,313.72,0.0
2169,0.0,7.88,0.0,0.0
2170,0.0,43.47,0.0,0.0
2171,0.0,185.06,426.62,0.0
2172,701.97,13.51,0.0,0.0
2173,0.0,224.12,0.0,0.0
2174,0.0,293.18,0.0,0.0
2175,0.0,16.5,339.51,0.0
2176,0.0,12.29,0.0,0.0
2177,0.0,373.79,0.0,0.0
2178,215.76,1125.19,0.0,0.0
2179,0.0,26.81,396.41,131.88
2180,0.0,26.77,0.0,0.0
2181,0.0,233.44,373.38,51.69
2182,0.0,312.83,0.0,0.0
2183,0.0,34.48,0.0,0.0
2184,438.9,43.18,0.0,0.0
2185,0.0,17.52,255.33,0.0
2186,0.0,266.01,0.0,0.0
2187,0.0,13.64,0.0,105.57
2188,0.0,255.66,0.0,0.0
2189,0.0,1013.39,0.0,0.0
2190,0.0,525.81,0.0,0.0
2191,611.16,1429.77,0.0,0.0
2192,0.0,230.54,0.0,196.79
2193,0.0,0.83,0.0,0.0
2194,468.59,34.46,0.0,0.0
2195,232.79,411.95,0.0,0.0
2196,0.0,33.32,0.0,0.0
2197,272.9,8.32,0.0,0.0
2198,0.0,820.24,0.0,0.0
2199,320.92,486.61,0.0,0.0
2200,0.0,3.02,0.0,55.18
2201,0.0,32.03,0.0,0.0
2202,0.0,95.77,0.0,192.8
2203,0.0,167.62,304.14,134.53
2204,286.14,209.38,174.58,0.0
2205,0.0,1334.66,0.0,0.0
2206,0.0,233.94,0.0,0.0
2207,490.73,30.45,475.93,0.0
2208,0.0,5.76,0.0,0.0
2209,168.77,28.33,0.0,0.0
2210,0.0,43.61,0.0,103.36
2211,0.0,1527.3,0.0,0.0
2212,244.67,45.8,0.0,0.0
2213,0.0,290.62,374.35,0.0
2214,0.0,6.71,299.51,98.7
2215,0.0,152.11,0.0,0.0
2216,0.0,268.14,396.82,0.0
2217,0.0,515.31,0.0,0.0
2218,0.0,38.19,0.0,0.0
2219,0.0,544.29,0.0,0.0
2220,0.0,23.38,0.0,93.95
2221,0.0,29.63,0.0,0.0
2222,0.0,14.39,0.0,0.0
2223,0.0,240.03,0.0,0.0
2224,158.66,37.86,0.0,0.0
2225,0.0,36.55,0.0,0.0
2226,796.65,1522.58,0.0,0.0
2227,0.0,33.2,0.0,135.89
2228,299.91,1550.85,0.0,0.0
2229,118.57,28.95,0.0,0.0
2230,0.0,42.53,0.0,0.0
2231,0.0,9.84,0.0,0.0
2232,0.0,165.03,438.46,0.0
2233,0.0,34.0,426.48,0.0
2234,0.0,192.98,0.0,0.0
2235,0.0,178.14,0.0,0.0
2236,0.0,140.06,0.0,0.0
2237,0.0,289.74,331.3,0.0
2238,0.0,29.45,0.0,234.02
2239,0.0,12.11,310.28,0.0
2240,231.16,288.14,0.0,0.0
2241,0.0,46.39,231.75,0.0
2242,267.51,349.69,344.91,0.0
2243,313.68,3.93,0.0,0.0
2244,0.0,147.75,0.0,0.0
2245,0.0,0.33,334.04,0.0
2246,538.91,1357.31,0.0,0.0
2247,186.81,28.16,0.0,0.0
2248,0.0,24.17,0.0,0.0
2249,0.0,21.04,0.0,207.31
2250,0.0,16.16,0.0,148.8
2251,0.0,35.18,339.65,0.0
2252,0.0,459.85,0.0,0.0
2253,0.0,48.06,0.0,167.06
2254,0.0,10.25,0.0,0.0
2255,0.0,23.47,0.0,0.0
2256,0.0,248.37,0.0,0.0
2257,0.0,1.83,0.0,275.26
2258,0.0,22.67,0.0,0.0
2259,461.21,36.96,0.0,0.0
2260,0.0,49.37,0.0,0.0
2261,0.0,10.67,0.0,0.0
2262,0.0,23.77,0.0,0.0
2263,0.0,251.36,0.0,0.0
2264,407.86,753.6,0.0,0.0
2265,0.0,39.92,0.0,0.0
2266,0.0,317.78,0.0,172.64
2267,0.0,12.9,0.0,293.56
2268,0.0,30.14,0.0,0.0
2269,0.0,14.42,0.0,0.0
2270,0.0,27.78,0.0,0.0
2271,0.0,43.75,0.0,0.0
2272,0.0,253.01,0.0,0.0
2273,0.0,667.62,352.48,0.0
2274,242.36,358.86,0.0,0.0
2275,0.0,571.88,0.0,0.0
2276,0.0,41.14,0.0,0.0
2277,0.0,118.02,0.0,0.0
2278,229.24,365.33,0.0,0.0
2279,0.0,272.11,0.0,0.0
2280,0.0,66.77,0.0,0.0
2281,0.0,92.11,0.0,0.0
2282,366.78,0.2,0.0,0.0
2283,231.76,22.77,0.0,0.0
2284,0.0,20.52,0.0,0.0
2285,0.0,31.96,0.0,0.0
2286,457.11,242.21,317.59,0.0
2287,0.0,230.08,0.0,119.83
2288,448.62,18.57,0.0,0.0
2289,197.44,21.94,0.0,0.0
2290,0.0,209.75,0.0,0.0
2291,0.0,21.69,0.0,0.0
2292,282.76,868.88,0.0,0.0
2293,0.0,10.37,0.0,0.0
2294,192.64,243.36,274.76,134.98
2295,239.63,40.26,0.0,0.0
2296,572.73,435.21,0.0,0.0
2297,417.27,19.78,437.09,0.0
2298,159.53,581.81,0.0,0.0
2299,336.91,4.63,0.0,0.0
2300,0.0,66.18,0.0,0.0
2301,0.0,47.21,468.35,123.96
2302,103.1,178.22,294.95,0.0
2303,222.14,34.53,0.0,0.0
2304,394.48,12.09,189.8,0.0
2305,0.0,164.55,427.15,185.96
2306,0.0,14.81,0.0,0.0
2307,0.0,30.81,227.75,0.0
2308,465.42,327.69,165.85,0.0
2309,0.0,159.9,0.0,190.3
2310,0.0,5.16,452.68,0.0
2311,0.0,28.64,0.0,0.0
2312,0.0,286.17,0.0,100.45
2313,0.0,17.94,0.0,0.0
2314,0.0,27.55,0.0,0.0
2315,0.0,193.34,0.0,0.0
2316,0.0,29.33,0.0,0.0
2317,0.0,1.39,0.0,0.0
2318,125.08,18.28,0.0,0.0
2319,240.78,456.03,0.0,0.0
2320,261.52,420.66,0.0,0.0
2321,0.0,22.01,0.0,0.0
2322,0.0,42.24,0.0,0.0
2323,0.0,257.68,0.0,0.0
2324,188.35,199.25,0.0,0.0
2325,0.0,286.1,289.54,0.0
2326,0.0,360.71,0.0,0.0
2327,0.0,48.46,0.0,0.0
2328,0.0,83.79,0.0,68.03
2329,0.0,49.23,151.9,0.0
2330,0.0,599.48,0.0,0.0
2331,338.56,828.02,220.26,0.0
2332,282.6,520.12,0.0,0.0
2333,0.0,252.54,0.0,0.0
2334,0.0,21.37,0.0,0.0
2335,107.11,33.98,0.0,0.0
2336,0.0,304.02,0.0,0.0
2337,245.07,214.37,0.0,0.0
2338,0.0,14.08,0.0,0.0
2339,0.0,37.23,0.0,0.0
2340,0.0,429.47,176.69,0.0
2341,0.0,15.38,0.0,0.0
2342,228.05,7.43,0.0,0.0
2343,473.87,27.64,359.75,0.0
2344,335.52,458.67,163.9,0.0
2345,0.0,15.37,0.0,0.0
2346,0.0,516.34,0.0,0.0
2347,0.0,489.3,0.0,0.0
2348,453.85,868.48,0.0,0.0
2349,323.93,897.42,0.0,0.0
2350,428.63,587.65,0.0,0.0
2351,0.0,30.2,0.0,155.99
2352,0.0,44.84,0.0,0.0
2353,310.86,8.51,0.0,0.0
2354,0.0,19.34,0.0,93.76
2355,0.0,330.89,0.0,0.0
2356,0.0,40.53,0.0,0.0
2357,0.0,817.6,0.0,0.0
2358,0.0,4.53,0.0,182.38
2359,0.0,327.76,0.0,0.0
2360,0.0,216.56,0.0,0.0
2361,477.56,451.15,0.0,0.0
2362,424.62,375.95,0.0,0.0
2363,0.0,7.5,0.0,0.0
2364,0.0,302.16,0.0,247.22
2365,0.0,17.93,0.0,0.0
2366,211.0,447.61,0.0,0.0
2367,460.65,35.74,0.0,70.27
2368,0.0,484.96,431.35,0.0
2369,0.0,47.45,0.0,0.0
2370,0.0,11.46,0.0,260.58
2371,0.0,30.49,0.0,0.0
2372,0.0,223.93,0.0,0.0
2373,0.0,43.49,0.0,228.91
2374,473.71,6.89,0.0,0.0
2375,0.0,191.94,0.0,0.0
2376,0.0,185.26,240.78,0.0
2377,444.57,23.05,404.52,0.0
2378,0.0,32.86,0.0,0.0
2379,384.33,560.47,0.0,0.0
2380,0.0,273.25,0.0,98.38
2381,0.0,8.65,0.0,0.0
2382,0.0,88.08,0.0,0.0
2383,0.0,324.45,0.0,0.0
2384,0.0,348.19,0.0,0.0
2385,419.44,49.63,0.0,0.0
2386,322.03,34.96,0.0,0.0
2387,328.04,915.96,0.0,0.0
2388,0.0,140.41,242.16,51.91
2389,0.0,35.38,0.0,0.0
2390,141.49,357.23,0.0,0.0
2391,0.0,463.81,0.0,0.0
2392,500.91,46.08,439.93,0.0
2393,0.0,3.13,0.0,0.0
2394,0.0,363.19,398.84,0.0
2395,0.0,2.52,0.0,0.0
2396,0.0,453.46,157.5,0.0
2397,0.0,10.86,0.0,0.0
2398,0.0,19.87,0.0,116.06
2399,0.0,224.3,0.0,0.0
2400,0.0,11.05,387.47,0.0
2401,451.89,513.44,442.72,0.0
2402,226.59,14.71,0.0,0.0
2403,0.0,398.77,344.55,53.39
2404,0.0,29.68,0.0,0.0
2405,0.0,38.4,0.0,0.0
2406,0.0,547.68,0.0,0.0
2407,0.0,37.15,0.0,0.0
2408,0.0,25.76,245.9,0.0
2409,0.0,34.45,0.0,144.59
2410,0.0,10.37,0.0,101.15
2411,0.0,36.64,393.1,0.0
2412,225.36,509.02,215.38,0.0
2413,437.86,40.06,0.0,0.0
2414,0.0,42.22,0.0,0.0
2415,0.0,296.41,0.0,126.18
2416,0.0,312.56,0.0,179.85
2417,124.58,346.36,0.0,0.0
2418,0.0,42.87,0.0,197.55
2419,219.4,472.66,0.0,0.0
2420,150.02,400.52,0.0,0.0
2421,215.25,35.13,0.0,0.0
2422,407.51,32.62,0.0,0.0
2423,0.0,9.66,0.0,0.0
2424,290.67,408.87,0.0,0.0
2425,766.03,34.06,0.0,0.0
2426,0.0,415.32,0.0,0.0
2427,0.0,275.43,0.0,0.0
2428,0.0,20.66,0.0,0.0
2429,0.0,22.9,0.0,0.0
2430,0.0,903.57,0.0,0.0
2431,400.79,41.89,448.02,0.0
2432,0.0,109.55,0.0,0.0
2433,0.0,132.19,0.0,0.0
2434,294.97,41.2,0.0,0.0
2435,0.0,336.91,219.59,0.0
2436,0.0,45.68,0.0,0.0
2437,451.92,31.59,0.0,0.0
2438,0.0,74.43,0.0,0.0
2439,0.0,205.3,0.0,0.0
2440,317.96,4.45,0.0,0.0
2441,0.0,356.14,0.0,0.0
2442,0.0,17.22,0.0,0.0
2443,0.0,24.81,0.0,0.0
2444,0.0,42.26,0.0,0.0
2445,0.0,8.33,0.0,150.28
2446,0.0,19.69,0.0,85.34
2447,497.43,30.72,0.0,0.0
2448,256.96,463.52,0.0,0.0
2449,0.0,212.17,0.0,0.0
2450,179.32,38.26,0.0,0.0
2451,151.29,17.14,0.0,0.0
2452,0.0,86.57,0.0,0.0
2453,0.0,218.68,457.44,0.0
2454,0.0,15.81,0.0,278.08
2455,0.0,16.49,0.0,0.0
2456,203.22,9.74,0.0,0.0
2457,170.78,112.18,0.0,0.0
2458,208.6,181.35,0.0,0.0
2459,439.17,651.93,0.0,0.0
2460,0.0,4.05,340.68,84.82
2461,0.0,276.3,0.0,0.0
2462,0.0,29.9,0.0,0.0
2463,0.0,602.66,441.7,0.0
2464,262.54,48.91,0.0,0.0
2465,0.0,9.06,0.0,0.0
2466,452.81,0.17,0.0,0.0
2467,0.0,17.25,0.0,0.0
2468,445.85,2.3,0.0,0.0
2469,118.36,167.3,174.67,0.0
2470,0.0,484.54,0.0,0.0
2471,181.3,6.07,289.33,0.0
2472,0.0,31.49,0.0,0.0
2473,0.0,565.2,377.76,0.0
2474,0.0,242.95,0.0,0.0
2475,524.81,30.44,0.0,0.0
2476,0.0,6.18,0.0,0.0
2477,502.53,28.68,252.33,0.0
2478,0.0,639.3,0.0,0.0
2479,230.71,37.95,0.0,0.0
2480,0.0,146.01,0.0,194.3
2481,0.0,15.68,0.0,180.22
2482,0.0,15.99,0.0,0.0
2483,0.0,166.92,0.0,0.0
2484,339.74,660.81,0.0,0.0
2485,414.7,1108.85,0.0,0.0
2486,0.0,16.15,0.0,0.0
2487,0.0,48.09,0.0,0.0
2488,0.0,37.68,248.57,0.0
2489,0.0,26.64,205.83,0.0
2490,159.0,30.22,0.0,0.0
2491,209.68,43.67,464.85,0.0
2492,0.0,154.53,450.77,153.38
2493,0.0,7.99,0.0,0.0
2494,0.0,205.35,0.0,65.25
2495,285.61,622.25,0.0,0.0
2496,0.0,15.5,0.0,0.0
2497,0.0,16.39,0.0,0.0
2498,0.0,88.55,0.0,0.0
2499,0.0,212.01,0.0,0.0
2500,0.0,26.15,324.75,278.74
2501,0.0,23.61,0.0,193.63
2502,0.0,42.53,0.0,0.0
2503,0.0,26.9,0.0,0.0
2504,0.0,365.43,0.0,0.0
2505,0.0,255.39,0.0,0.0
2506,270.99,231.11,0.0,0.0
2507,0.0,30.35,0.0,0.0
2508,295.23,339.68,0.0,0.0
2509,0.0,14.25,421.82,122.98
2510,0.0,22.64,0.0,115.35
2511,405.22,454.33,0.0,0.0
2512,0.0,366.41,0.0,0.0
2513,0.0,284.62,0.0,78.85
2514,328.59,277.56,0.0,0.0
2515,160.64,49.42,0.0,0.0
2516,0.0,8.24,260.68,159.43
2517,0.0,391.63,0.0,0.0
2518,0.0,592.34,0.0,0.0
2519,0.0,14.57,0.0,0.0
2520,0.0,396.94,0.0,0.0
2521,0.0,40.51,0.0,0.0
2522,445.13,39.96,0.0,0.0
2523,436.58,499.33,0.0,0.0
2524,373.63,266.5,0.0,0.0
2525,0.0,0.19,0.0,0.0
2526,267.03,43.64,0.0,0.0
2527,600.39,1145.84,0.0,0.0
2528,0.0,29.04,0.0,0.0
2529,372.65,9.33,0.0,0.0
2530,0.0,36.97,0.0,0.0
2531,0.0,25.05,0.0,0.0
2532,0.0,9.31,0.0,0.0
2533,0.0,3.5,0.0,78.46
2534,394.33,28.74,0.0,0.0
2535,0.0,166.65,0.0,0.0
2536,0.0,21.87,0.0,239.48
2537,0.0,335.29,0.0,0.0
2538,258.26,319.21,0.0,0.0
2539,0.0,278.62,0.0,0.0
2540,0.0,208.7,302.04,143.22
2541,0.0,29.84,0.0,64.1
2542,0.0,293.52,0.0,0.0
2543,0.0,92.9,0.0,268.68
2544,185.47,35.11,0.0,0.0
2545,299.09,42.45,0.0,0.0
2546,0.0,42.39,0.0,179.89
2547,0.0,221.61,0.0,0.0
2548,0.0,14.64,430.05,0.0
2549,152.91,40.36,0.0,0.0
2550,475.46,7.6,0.0,0.0
2551,0.0,62.29,320.63,0.0
2552,411.59,27.32,0.0,0.0
2553,0.0,1036.95,0.0,0.0
2554,0.0,30.96,0.0,0.0
2555,0.0,23.46,0.0,0.0
2556,0.0,283.68,0.0,170.73
2557,0.0,12.43,0.0,0.0
2558,331.7,1111.96,0.0,0.0
2559,276.57,38.77,432.34,0.0
2560,134.72,250.08,0.0,0.0
2561,0.0,23.3,469.22,0.0
2562,0.0,1.82,0.0,216.27
2563,459.04,641.23,0.0,0.0
2564,451.39,616.24,0.0,0.0
2565,286.26,136.86,0.0,0.0
2566,0.0,205.67,0.0,0.0
2567,382.65,689.04,344.82,0.0
2568,273.75,46.68,0.0,0.0
2569,0.0,31.64,0.0,0.0
2570,0.0,16.83,0.0,0.0
2571,0.0,8.27,0.0,80.97
2572,0.0,104.58,0.0,0.0
2573,0.0,8.15,0.0,230.27
2574,0.0,3.32,0.0,0.0
2575,186.12,38.28,0.0,0.0
2576,0.0,332.15,0.0,0.0
2577,0.0,34.31,0.0,0.0
2578,0.0,8.16,0.0,0.0
2579,0.0,39.09,483.28,0.0
2580,0.0,25.24,0.0,0.0
2581,252.03,44.03,0.0,0.0
2582,0.0,373.51,0.0,0.0
2583,0.0,136.54,0.0,111.12
2584,0.0,33.18,0.0,189.56
2585,610.23,39.42,0.0,0.0
2586,296.16,20.38,0.0,0.0
2587,0.0,261.45,426.36,0.0
2588,221.5,20.46,450.67,0.0
2589,246.18,4.52,323.14,0.0
2590,225.51,292.51,0.0,0.0
2591,0.0,22.95,0.0,0.0
2592,0.0,27.73,0.0,235.65
2593,377.84,1004.01,0.0,0.0
2594,0.0,207.12,0.0,0.0
2595,285.83,43.46,408.33,0.0
2596,0.0,21.92,427.82,0.0
2597,168.67,41.27,0.0,103.23
2598,0.0,124.44,0.0,62.12
2599,0.0,41.97,0.0,155.33
2600,118.0,224.02,234.09,0.0
2601,0.0,364.52,0.0,212.8
2602,0.0,46.11,0.0,0.0
2603,0.0,42.28,0.0,0.0
2604,0.0,262.63,0.0,0.0
2605,406.58,211.69,0.0,0.0
2606,0.0,1090.22,262.26,0.0
2607,412.0,37.99,0.0,0.0
2608,0.0,103.69,0.0,205.19
2609,0.0,166.69,0.0,0.0
2610,372.45,522.83,0.0,0.0
2611,0.0,5.9,427.28,0.0
2612,0.0,28.0,479.89,162.83
2613,484.95,23.72,0.0,0.0
2614,0.0,44.76,0.0,0.0
2615,0.0,20.44,0.0,0.0
2616,372.75,8.34,0.0,0.0
2617,375.67,1.87,0.0,0.0
2618,245.89,27.3,0.0,0.0
2619,0.0,348.99,0.0,195.45
2620,0.0,123.81,0.0,0.0
2621,0.0,508.12,0.0,0.0
2622,0.0,195.42,0.0,0.0
2623,0.0,13.37,0.0,0.0
2624,0.0,163.47,0.0,189.32
2625,0.0,490.46,185.65,0.0
2626,0.0,263.55,162.19,139.27
2627,0.0,200.58,263.76,0.0
2628,0.0,440.35,0.0,0.0
2629,0.0,13.14,0.0,115.31
2630,0.0,34.23,168.2,0.0
2631,0.0,235.96,280.72,0.0
2632,0.0,5.02,0.0,0.0
2633,0.0,8.48,0.0,253.83
2634,435.89,807.54,0.0,0.0
2635,0.0,33.23,0.0,0.0
2636,0.0,39.2,0.0,122.65
2637,0.0,10.67,229.85,0.0
2638,0.0,118.98,257.31,0.0
2639,0.0,136.82,0.0,0.0
2640,0.0,111.09,0.0,0.0
2641,0.0,266.55,0.0,164.35
2642,494.62,545.87,0.0,0.0
2643,0.0,205.45,490.64,0.0
2644,0.0,216.25,0.0,0.0
2645,0.0,34.03,216.27,0.0
2646,263.99,1.08,0.0,0.0
2647,0.0,254.62,0.0,0.0
2648,0.0,47.22,168.93,0.0
2649,0.0,186.15,0.0,0.0
2650,0.0,3.94,0.0,105.79
2651,0.0,23.91,0.0,0.0
2652,0.0,7.93,0.0,0.0
2653,0.0,17.26,0.0,133.25
2654,0.0,27.9,0.0,85.65
2655,0.0,43.34,0.0,0.0
2656,183.78,281.88,0.0,0.0
2657,436.58,788.93,0.0,0.0
2658,0.0,274.73,209.79,135.82
2659,249.56,45.5,0.0,0.0
2660,153.3,311.74,0.0,0.0
2661,246.56,149.13,0.0,0.0
2662,0.0,9.86,245.9,0.0
2663,0.0,45.85,0.0,0.0
2664,0.0,20.57,0.0,0.0
2665,0.0,82.79,0.0,81.96
2666,323.13,5.68,0.0,0.0
2667,0.0,152.48,0.0,172.28
2668,0.0,16.84,0.0,0.0
2669,177.77,419.89,0.0,0.0
2670,0.0,793.2,0.0,0.0
2671,134.5,395.76,0.0,0.0
2672,481.64,358.67,0.0,89.08
2673,237.99,358.36,0.0,0.0
2674,0.0,11.72,0.0,89.17
2675,0.0,45.43,0.0,0.0
2676,398.08,1026.74,0.0,0.0
2677,718.59,19.14,0.0,0.0
2678,0.0,100.07,175.56,0.0
2679,350.08,23.53,0.0,0.0
2680,0.0,146.75,0.0,157.58
2681,0.0,1199.12,418.1,0.0
2682,0.0,30.18,443.85,188.38
2683,0.0,277.45,0.0,60.3
2684,258.53,5.5,0.0,0.0
2685,229.89,693.91,0.0,0.0
2686,265.67,244.74,0.0,0.0
2687,0.0,258.89,0.0,0.0
2688,0.0,8.4,0.0,193.82
2689,257.69,403.27,0.0,0.0
2690,250.21,331.74,0.0,0.0
2691,764.47,4.43,0.0,0.0
2692,0.0,28.06,0.0,0.0
2693,101.06,172.24,419.55,0.0
2694,254.25,8.61,0.0,0.0
2695,0.0,139.3,0.0,0.0
2696,276.5,38.6,0.0,0.0
2697,0.0,7.42,0.0,0.0
2698,214.92,1129.21,0.0,0.0
2699,0.0,319.02,0.0,298.05
2700,233.48,4.22,0.0,0.0
2701,312.47,12.48,466.81,0.0
2702,0.0,15.93,0.0,0.0
2703,423.72,42.0,0.0,0.0
2704,234.54,510.45,0.0,0.0
2705,0.0,365.4,0.0,0.0
2706,0.0,19.12,0.0,0.0
2707,0.0,147.34,0.0,0.0
2708,296.71,42.83,0.0,0.0
2709,0.0,252.15,0.0,0.0
2710,0.0,34.46,0.0,0.0
2711,0.0,84.62,0.0,178.7
2712,367.06,14.28,418.27,0.0
2713,0.0,158.61,0.0,109.81
2714,0.0,150.32,0.0,0.0
2715,0.0,38.18,0.0,0.0
2716,0.0,34.3,0.0,76.88
2717,0.0,255.97,0.0,284.62
2718,0.0,109.77,0.0,0.0
2719,0.0,44.72,0.0,0.0
2720,0.0,26.24,0.0,0.0
2721,0.0,31.26,0.0,0.0
2722,0.0,9.08,409.02,0.0
2723,0.0,0.67,0.0,0.0
2724,391.05,20.64,0.0,0.0
2725,0.0,150.99,192.2,0.0
2726,484.58,43.31,0.0,0.0
2727,336.74,25.26,0.0,0.0
2728,0.0,184.49,0.0,0.0
2729,0.0,44.35,0.0,0.0
2730,0.0,46.55,0.0,0.0
2731,0.0,20.27,0.0,0.0
2732,176.9,38.99,440.17,0.0
2733,0.0,235.44,0.0,238.2
2734,0.0,37.57,0.0,0.0
2735,0.0,10.88,0.0,0.0
2736,0.0,31.55,0.0,0.0
2737,0.0,113.56,206.0,0.0
2738,0.0,327.91,0.0,288.77
2739,0.0,17.71,0.0,0.0
2740,366.7,413.84,482.66,0.0
2741,0.0,34.26,0.0,111.38
2742,0.0,15.58,284.42,0.0
2743,566.44,12.86,0.0,0.0
2744,404.65,21.0,0.0,0.0
2745,0.0,306.87,0.0,0.0
2746,0.0,23.59,0.0,0.0
2747,314.0,885.68,0.0,0.0
2748,112.48,21.23,0.0,0.0
2749,0.0,389.05,185.05,0.0
2750,0.0,1195.2,0.0,0.0
2751,0.0,32.98,0.0,0.0
2752,0.0,12.99,0.0,219.34
2753,0.0,28.08,0.0,0.0
2754,443.92,435.05,0.0,0.0
2755,0.0,42.14,0.0,0.0
2756,0.0,9.22,384.98,0.0
2757,0.0,24.69,0.0,0.0
2758,0.0,23.82,275.15,0.0
2759,0.0,95.49,232.57,62.86
2760,220.34,0.25,0.0,0.0
2761,0.0,15.54,0.0,0.0
2762,0.0,24.99,0.0,0.0
2763,615.86,2.66,0.0,0.0
2764,0.0,922.32,196.6,0.0
2765,0.0,327.15,0.0,0.0
2766,0.0,45.54,0.0,151.2
2767,240.84,1202.59,202.07,0.0
2768,242.94,604.67,0.0,0.0
2769,584.19,39.49,186.25,0.0
2770,0.0,155.85,0.0,0.0
2771,308.56,33.29,0.0,0.0
2772,0.0,25.3,0.0,168.89
2773,0.0,46.8,0.0,0.0
2774,0.0,200.44,0.0,0.0
2775,409.39,706.03,0.0,0.0
2776,0.0,457.01,0.0,0.0
2777,272.13,201.5,0.0,0.0
2778,325.38,7.03,370.96,0.0
2779,185.81,413.51,0.0,0.0
2780,0.0,14.05,0.0,0.0
2781,210.17,268.78,0.0,0.0
2782,0.0,15.02,0.0,0.0
2783,0.0,38.66,0.0,0.0
2784,491.65,47.55,461.45,0.0
2785,0.0,423.41,0.0,0.0
2786,408.37,4.81,0.0,0.0
2787,0.0,49.22,0.0,63.67
2788,0.0,219.42,0.0,0.0
2789,0.0,383.72,0.0,0.0
2790,0.0,12.1,0.0,0.0
2791,0.0,286.75,0.0,0.0
2792,0.0,251.62,0.0,126.82
2793,0.0,447.1,0.0,52.31
2794,0.0,0.76,0.0,0.0
2795,122.12,345.48,0.0,0.0
2796,0.0,24.65,0.0,0.0
2797,529.68,4.04,0.0,0.0
2798,0.0,3.82,180.82,0.0
2799,0.0,5.69,0.0,0.0
2800,353.99,403.43,0.0,0.0
2801,0.0,853.11,0.0,0.0
2802,0.0,115.92,0.0,0.0
2803,0.0,230.25,0.0,0.0
2804,0.0,332.89,0.0,0.0
2805,235.37,44.46,271.86,0.0
2806,0.0,130.89,0.0,0.0
2807,0.0,22.19,376.64,0.0
2808,344.99,426.35,271.34,0.0
2809,0.0,1161.56,0.0,0.0
2810,0.0,199.9,0.0,0.0
2811,0.0,227.04,0.0,0.0
2812,0.0,38.75,0.0,0.0
2813,0.0,47.49,0.0,161.8
2814,204.29,6.26,0.0,0.0
2815,316.92,1427.77,0.0,0.0
2816,0.0,621.66,0.0,0.0
2817,0.0,20.72,0.0,0.0
2818,0.0,118.45,0.0,195.59
2819,0.0,24.35,0.0,253.99
2820,0.0,7.88,0.0,0.0
2821,0.0,38.86,0.0,0.0
2822,398.11,18.99,0.0,0.0
2823,0.0,49.78,0.0,0.0
2824,0.0,25.16,0.0,0.0
2825,183.26,23.54,318.29,0.0
2826,0.0,27.87,0.0,0.0
2827,0.0,155.1,0.0,0.0
2828,218.17,667.57,0.0,0.0
2829,0.0,42.73,0.0,0.0
2830,278.32,280.49,0.0,0.0
2831,0.0,40.92,0.0,0.0
2832,347.63,22.2,0.0,0.0
2833,0.0,33.77,0.0,265.82
2834,0.0,45.19,0.0,0.0
2835,0.0,29.42,487.31,0.0
2836,0.0,48.61,0.0,0.0
2837,0.0,1.75,0.0,186.59
2838,0.0,236.66,0.0,0.0
2839,0.0,859.79,0.0,0.0
2840,0.0,15.59,0.0,0.0
2841,318.0,15.58,0.0,0.0
2842,338.33,46.82,0.0,0.0
2843,0.0,292.61,0.0,159.9
2844,0.0,105.68,0.0,196.32
2845,0.0,18.04,400.95,0.0
2846,0.0,160.9,0.0,177.22
2847,175.07,656.32,185.61,0.0
2848,0.0,32.55,0.0,0.0
2849,131.9,18.71,0.0,0.0
2850,0.0,100.91,0.0,0.0
2851,0.0,25.61,0.0,0.0
2852,760.29,649.0,0.0,0.0
2853,0.0,75.37,0.0,0.0
2854,0.0,3.95,0.0,0.0
2855,720.19,34.85,0.0,0.0
2856,0.0,4.27,0.0,0.0
2857,0.0,82.92,0.0,0.0
2858,471.6,4.95,0.0,0.0
2859,0.0,128.55,0.0,183.63
2860,0.0,42.2,496.63,0.0
2861,0.0,21.66,0.0,0.0
2862,0.0,33.86,0.0,0.0
2863,0.0,21.96,0.0,0.0
2864,249.38,288.78,0.0,0.0
2865,280.09,46.73,277.62,0.0
2866,0.0,36.61,211.4,80.49
2867,0.0,9.01,0.0,140.28
2868,0.0,142.44,0.0,0.0
2869,691.31,42.82,0.0,0.0
2870,0.0,71.39,0.0,0.0
2871,0.0,44.89,0.0,298.68
2872,0.0,23.92,0.0,0.0
2873,0.0,317.61,0.0,0.0
2874,0.0,323.93,0.0,153.38
2875,0.0,15.56,0.0,0.0
2876,0.0,122.91,0.0,0.0
2877,0.0,49.09,323.13,0.0
2878,0.0,176.23,0.0,0.0
2879,439.71,35.67,357.76,0.0
2880,321.98,299.0,0.0,0.0
2881,213.75,224.11,209.88,0.0
2882,0.0,9.35,279.26,0.0
2883,0.0,37.07,0.0,0.0
2884,748.97,531.3,0.0,0.0
2885,0.0,10.96,0.0,240.78
2886,0.0,6.73,0.0,0.0
2887,0.0,819.66,0.0,0.0
2888,254.78,787.53,0.0,0.0
2889,0.0,32.58,0.0,0.0
2890,0.0,354.87,0.0,0.0
2891,238.32,359.98,0.0,0.0
2892,0.0,6.36,321.47,153.74
2893,0.0,25.25,0.0,0.0
2894,0.0,24.22,0.0,0.0
2895,459.42,240.48,0.0,0.0
2896,0.0,15.87,0.0,256.91
2897,236.43,549.72,0.0,0.0
2898,230.52,509.06,0.0,0.0
2899,0.0,863.28,0.0,0.0
2900,0.0,195.81,0.0,147.63
2901,0.0,43.18,0.0,0.0
2902,0.0,40.18,0.0,0.0
2903,0.0,263.53,0.0,78.67
2904,0.0,203.97,0.0,0.0
2905,566.73,999.06,0.0,0.0
2906,0.0,37.03,0.0,0.0
2907,0.0,15.7,0.0,293.96
2908,0.0,31.23,0.0,0.0
2909,0.0,24.56,0.0,134.89
2910,0.0,299.28,0.0,72.47
2911,0.0,19.09,0.0,0.0
2912,780.76,17.2,0.0,0.0
2913,0.0,167.55,0.0,0.0
2914,0.0,328.04,0.0,0.0
2915,0.0,21.62,0.0,0.0
2916,495.68,11.42,0.0,0.0
2917,0.0,3.07,0.0,127.53
2918,0.0,262.48,0.0,0.0
2919,0.0,40.69,0.0,0.0
2920,0.0,116.85,0.0,0.0
2921,0.0,377.3,451.05,0.0
2922,174.71,2.84,0.0,0.0
2923,0.0,34.91,0.0,0.0
2924,0.0,12.19,0.0,0.0
2925,230.89,318.85,0.0,0.0
2926,0.0,106.46,0.0,110.41
2927,0.0,33.29,0.0,0.0
2928,0.0,32.16,0.0,0.0
2929,0.0,1.96,0.0,0.0
2930,0.0,695.53,0.0,0.0
2931,0.0,45.98,402.27,0.0
2932,0.0,3.52,0.0,0.0
2933,0.0,255.26,0.0,0.0
2934,0.0,235.17,0.0,271.2
2935,0.0,27.06,300.67,185.06
2936,0.0,34.39,0.0,200.22
2937,0.0,425.77,0.0,146.14
2938,0.0,229.45,0.0,74.77
2939,0.0,34.24,0.0,0.0
2940,486.02,891.04,0.0,0.0
2941,495.96,5.15,0.0,0.0
2942,0.0,143.35,0.0,129.58
2943,0.0,36.26,0.0,0.0
2944,0.0,42.24,0.0,0.0
2945,0.0,2.55,0.0,0.0
2946,108.32,30.85,0.0,0.0
2947,0.0,403.47,0.0,0.0
2948,0.0,40.12,0.0,135.4
2949,102.47,6.35,0.0,0.0
2950,0.0,334.85,0.0,0.0
2951,0.0,6.25,0.0,0.0
2952,0.0,316.96,0.0,0.0
2953,181.47,6.88,234.9,0.0
2954,0.0,1.4,0.0,0.0
2955,0.0,4.47,0.0,288.76
2956,0.0,275.89,227.86,120.61
2957,0.0,678.8,0.0,0.0
2958,0.0,223.92,273.43,0.0
2959,339.38,3.33,0.0,0.0
2960,0.0,39.94,0.0,0.0
2961,219.08,454.56,0.0,0.0
2962,480.22,39.26,0.0,0.0
2963,0.0,395.23,0.0,0.0
2964,0.0,343.85,0.0,0.0
2965,0.0,189.9,0.0,0.0
2966,228.09,15.14,0.0,0.0
2967,0.0,927.74,0.0,0.0
2968,0.0,40.52,0.0,103.57
2969,0.0,16.73,0.0,0.0
2970,0.0,5.83,0.0,74.46
2971,0.0,200.24,201.57,0.0
2972,633.09,26.51,0.0,0.0
2973,321.05,7.71,0.0,0.0
2974,0.0,43.77,293.53,212.16
2975,0.0,34.24,0.0,51.3
2976,0.0,32.51,0.0,59.07
2977,0.0,358.25,0.0,190.45
2978,387.78,14.33,321.97,0.0
2979,613.15,49.87,0.0,0.0
2980,0.0,15.54,0.0,259.76
2981,102.94,184.7,459.63,0.0
2982,239.22,587.2,0.0,0.0
2983,0.0,222.78,0.0,0.0
2984,0.0,1052.6,338.44,0.0
2985,238.79,348.98,0.0,0.0
2986,0.0,38.92,0.0,0.0
2987,208.33,234.94,0.0,0.0
2988,0.0,99.28,0.0,122.87
2989,0.0,35.06,0.0,0.0
2990,0.0,974.52,0.0,0.0
2991,0.0,45.86,0.0,0.0
2992,0.0,161.76,0.0,102.32
2993,278.97,34.23,0.0,0.0
2994,247.51,633.31,0.0,0.0
2995,0.0,9.95,0.0,0.0
2996,0.0,43.3,0.0,0.0
2997,758.75,38.89,0.0,0.0
2998,661.82,374.24,414.93,0.0
2999,274.34,22.22,0.0,0.0
3000,0.0,172.14,427.38,0.0
3001,0.0,2.05,0.0,0.0
3002,0.0,169.33,354.68,0.0
3003,0.0,44.38,0.0,204.19
3004,0.0,417.35,0.0,0.0
3005,0.0,138.48,0.0,0.0
3006,0.0,280.28,0.0,0.0
3007,0.0,32.49,0.0,0.0
3008,255.39,469.97,0.0,69.02
3009,0.0,10.36,0.0,0.0
3010,0.0,30.53,0.0,0.0
3011,742.94,1269.09,0.0,0.0
3012,184.4,204.74,0.0,0.0
3013,346.25,12.51,169.59,0.0
3014,0.0,142.24,0.0,0.0
3015,100.7,307.38,0.0,0.0
3016,0.0,37.78,0.0,0.0
3017,0.0,232.42,0.0,291.0
3018,0.0,0.37,0.0,0.0
3019,0.0,24.98,0.0,0.0
3020,0.0,105.45,0.0,0.0
3021,0.0,329.36,0.0,0.0
3022,0.0,137.84,0.0,0.0
3023,761.12,367.13,0.0,0.0
3024,0.0,140.38,0.0,180.01
3025,374.18,24.66,0.0,0.0
3026,0.0,6.6,0.0,0.0
3027,0.0,513.72,485.91,0.0
3028,431.09,1113.87,0.0,0.0
3029,251.23,379.06,0.0,0.0
3030,0.0,46.52,0.0,0.0
3031,0.0,159.43,207.84,265.44
3032,0.0,999.72,0.0,0.0
3033,0.0,723.0,0.0,0.0
3034,486.62,1160.92,0.0,0.0
3035,196.52,547.64,0.0,0.0
3036,0.0,5.76,0.0,0.0
3037,0.0,10.52,387.45,0.0
3038,0.0,163.44,0.0,0.0
3039,446.7,638.93,0.0,0.0
3040,0.0,28.43,0.0,0.0
3041,432.7,41.78,0.0,0.0
3042,0.0,15.52,0.0,0.0
3043,0.0,17.49,0.0,0.0
3044,122.06,307.03,0.0,0.0
3045,251.97,276.71,0.0,0.0
3046,111.14,20.87,0.0,0.0
3047,0.0,26.94,0.0,158.53
3048,0.0,10.9,0.0,0.0
3049,319.79,33.96,0.0,0.0
3050,404.05,41.83,0.0,0.0
3051,307.89,6.05,0.0,0.0
3052,0.0,237.34,0.0,0.0
3053,470.14,35.26,0.0,0.0
3054,0.0,19.99,0.0,0.0
3055,130.05,27.75,0.0,0.0
3056,0.0,46.35,0.0,0.0
3057,0.0,335.37,0.0,0.0
3058,0.0,164.92,0.0,0.0
3059,222.02,411.13,0.0,0.0
3060,0.0,54.11,213.12,0.0
3061,0.0,127.93,0.0,0.0
3062,0.0,31.77,0.0,0.0
3063,154.28,14.01,0.0,50.35
3064,0.0,5.49,0.0,0.0
3065,0.0,99.15,0.0,0.0
3066,0.0,39.43,0.0,0.0
3067,207.77,16.22,0.0,0.0
3068,0.0,44.47,0.0,0.0
3069,351.19,36.85,382.42,0.0
3070,0.0,32.92,0.0,0.0
3071,536.1,31.5,0.0,0.0
3072,0.0,321.08,0.0,0.0
3073,0.0,608.02,0.0,0.0
3074,204.9,161.07,0.0,0.0
3075,0.0,520.88,0.0,0.0
3076,0.0,296.23,0.0,0.0
3077,0.0,106.25,0.0,0.0
3078,0.0,214.94,0.0,0.0
3079,0.0,203.44,0.0,90.58
3080,0.0,418.82,0.0,0.0
3081,0.0,26.68,0.0,0.0
3082,0.0,7.62,0.0,0.0
3083,499.89,195.29,0.0,0.0
3084,0.0,32.16,0.0,0.0
3085,0.0,236.37,0.0,0.0
3086,158.65,30.83,216.0,0.0
3087,461.74,641.79,0.0,0.0
3088,0.0,187.28,0.0,153.0
3089,439.52,5.91,0.0,0.0
3090,0.0,113.57,0.0,100.34
3091,0.0,247.1,0.0,96.2
3092,0.0,48.86,0.0,117.96
3093,0.0,49.26,0.0,0.0
3094,0.0,43.96,0.0,0.0
3095,281.33,36.73,0.0,0.0
3096,296.22,48.85,371.12,0.0
3097,0.0,24.16,169.78,0.0
3098,386.28,25.51,188.12,0.0
3099,0.0,41.2,0.0,0.0
3100,0.0,41.19,0.0,0.0
3101,0.0,21.35,402.46,0.0
3102,0.0,12.64,0.0,0.0
3103,0.0,48.04,0.0,0.0
3104,0.0,18.13,0.0,254.08
3105,338.09,12.67,395.14,0.0
3106,0.0,158.0,162.14,169.64
3107,0.0,236.41,0.0,213.7
3108,250.14,223.08,0.0,0.0
3109,0.0,36.05,0.0,114.68
3110,0.0,35.61,0.0,0.0
3111,0.0,177.45,0.0,0.0
3112,0.0,42.62,0.0,81.59
3113,175.31,880.7,0.0,0.0
3114,251.66,132.56,476.01,285.91
3115,0.0,134.98,0.0,170.86
3116,0.0,49.45,439.49,163.81
3117,0.0,19.51,0.0,0.0
3118,407.29,219.39,0.0,114.72
3119,0.0,189.63,415.08,131.12
3120,0.0,1.1,0.0,0.0
3121,0.0,36.13,206.37,170.43
3122,0.0,296.39,0.0,0.0
3123,576.1,886.9,0.0,0.0
3124,255.72,18.91,0.0,0.0
3125,0.0,322.72,0.0,0.0
3126,0.0,986.33,0.0,0.0
3127,0.0,48.92,0.0,0.0
3128,232.56,205.66,0.0,0.0
3129,0.0,0.48,0.0,0.0
3130,0.0,268.79,0.0,0.0
3131,0.0,426.7,0.0,0.0
3132,0.0,28.08,0.0,0.0
3133,0.0,425.16,0.0,0.0
3134,0.0,365.91,0.0,0.0
3135,0.0,30.79,0.0,0.0
3136,0.0,450.77,0.0,0.0
3137,0.0,9.3,0.0,0.0
3138,0.0,428.76,0.0,0.0
3139,256.05,15.4,0.0,0.0
3140,152.54,288.55,0.0,0.0
3141,0.0,209.35,0.0,0.0
3142,0.0,189.04,0.0,129.02
3143,385.7,296.56,0.0,0.0
3144,201.87,49.34,0.0,0.0
3145,254.26,762.03,160.75,0.0
3146,429.96,345.72,0.0,0.0
3147,0.0,899.58,0.0,0.0
3148,136.6,43.75,245.45,0.0
3149,214.99,33.62,0.0,0.0
3150,0.0,27.28,0.0,105.08
3151,391.63,28.64,0.0,0.0
3152,0.0,265.19,0.0,166.61
3153,0.0,45.48,0.0,0.0
3154,0.0,140.06,0.0,0.0
3155,490.34,11.64,0.0,0.0
3156,0.0,265.63,0.0,0.0
3157,0.0,239.76,0.0,0.0
3158,0.0,143.18,0.0,54.23
3159,0.0,18.02,0.0,0.0
3160,0.0,28.44,0.0,0.0
3161,0.0,587.29,0.0,0.0
3162,196.97,230.72,0.0,0.0
3163,0.0,43.9,0.0,0.0
3164,0.0,0.51,0.0,0.0
3165,795.93,485.91,0.0,0.0
3166,0.0,41.75,0.0,0.0
3167,0.0,96.38,0.0,277.59
3168,0.0,277.66,0.0,0.0
3169,0.0,36.65,0.0,0.0
3170,0.0,42.71,0.0,170.48
3171,0.0,49.01,0.0,0.0
3172,0.0,16.67,0.0,0.0
3173,0.0,35.13,0.0,0.0
3174,0.0,15.0,477.78,0.0
3175,0.0,9.26,319.61,0.0
3176,0.0,147.19,0.0,0.0
3177,0.0,15.22,0.0,0.0
3178,0.0,350.57,0.0,0.0
3179,0.0,42.0,419.37,0.0
3180,0.0,734.39,241.43,0.0
3181,0.0,35.61,0.0,0.0
3182,0.0,181.99,0.0,0.0
3183,0.0,33.9,0.0,0.0
3184,124.77,267.51,0.0,0.0
3185,426.75,1.9,0.0,0.0
3186,0.0,146.88,0.0,0.0
3187,279.76,653.78,0.0,0.0
3188,0.0,850.56,0.0,0.0
3189,0.0,10.47,0.0,0.0
3190,0.0,36.11,0.0,0.0
3191,356.62,527.68,0.0,0.0
3192,0.0,18.77,0.0,0.0
3193,0.0,7.58,0.0,0.0
3194,414.61,8.63,0.0,0.0
3195,0.0,102.54,0.0,0.0
3196,371.25,688.4,302.24,0.0
3197,0.0,44.96,0.0,0.0
3198,0.0,39.11,0.0,0.0
3199,0.0,162.73,0.0,0.0
3200,0.0,24.46,0.0,0.0
3201,0.0,21.17,0.0,0.0
3202,0.0,243.76,0.0,246.7
3203,0.0,253.61,0.0,0.0
3204,0.0,395.78,0.0,0.0
3205,0.0,19.53,0.0,0.0
3206,0.0,22.07,292.38,0.0
3207,0.0,732.74,0.0,0.0
3208,0.0,36.38,0.0,0.0
3209,0.0,31.94,0.0,242.92
3210,0.0,22.8,318.07,0.0
3211,0.0,8.86,0.0,0.0
3212,0.0,18.0,0.0,176.01
3213,0.0,332.59,0.0,148.83
3214,272.24,27.03,0.0,0.0
3215,735.99,27.14,0.0,0.0
3216,241.61,43.58,0.0,0.0
3217,0.0,30.97,0.0,0.0
3218,297.72,204.6,0.0,0.0
3219,0.0,26.46,0.0,0.0
3220,0.0,210.87,359.68,0.0
3221,490.19,5.33,0.0,0.0
3222,402.85,1031.88,0.0,0.0
3223,0.0,20.63,0.0,0.0
3224,0.0,368.4,0.0,0.0
3225,0.0,30.37,0.0,281.92
3226,0.0,31.42,0.0,188.61
3227,0.0,45.23,0.0,0.0
3228,450.66,295.05,173.84,0.0
3229,0.0,13.54,0.0,0.0
3230,231.18,17.5,0.0,216.22
3231,252.17,207.82,0.0,0.0
3232,0.0,302.91,0.0,0.0
3233,393.31,851.44,0.0,0.0
3234,0.0,31.6,0.0,0.0
3235,159.67,24.57,0.0,0.0
3236,434.03,39.58,0.0,0.0
3237,497.23,705.39,0.0,0.0
3238,0.0,36.56,0.0,0.0
3239,0.0,3.24,0.0,0.0
3240,0.0,291.2,192.37,0.0
3241,292.8,265.48,0.0,0.0
3242,0.0,196.97,0.0,210.88
3243,0.0,134.03,0.0,265.65
3244,0.0,10.13,0.0,0.0
3245,0.0,327.01,0.0,0.0
3246,349.33,32.48,0.0,0.0
3247,0.0,9.44,0.0,0.0
3248,0.0,465.35,0.0,0.0
3249,362.94,621.48,0.0,0.0
3250,0.0,16.36,274.29,0.0
3251,206.42,424.29,0.0,0.0
3252,260.34,46.96,0.0,0.0
3253,0.0,29.7,0.0,0.0
3254,0.0,23.36,0.0,0.0
3255,304.95,444.09,0.0,0.0
3256,0.0,227.74,0.0,0.0
3257,0.0,298.19,0.0,0.0
3258,314.37,49.63,0.0,0.0
3259,234.42,13.77,0.0,0.0
3260,0.0,268.38,0.0,192.68
3261,381.0,226.92,0.0,0.0
3262,0.0,26.5,0.0,0.0
3263,330.67,34.27,0.0,0.0
3264,0.0,675.91,0.0,0.0
3265,0.0,345.05,0.0,0.0
3266,0.0,22.03,0.0,91.26
3267,0.0,272.82,0.0,0.0
3268,0.0,24.67,0.0,0.0
3269,0.0,20.93,0.0,190.41
3270,0.0,27.22,0.0,0.0
3271,270.93,250.99,0.0,0.0
3272,258.91,44.17,344.0,65.88
3273,0.0,5.43,0.0,0.0
3274,0.0,25.82,0.0,229.57
3275,0.0,589.65,0.0,0.0
3276,0.0,349.66,0.0,0.0
3277,0.0,9.27,0.0,0.0
3278,260.79,9.64,0.0,0.0
3279,0.0,18.39,245.51,284.1
3280,0.0,2.9,0.0,0.0
3281,290.62,242.32,0.0,0.0
3282,0.0,30.77,235.92,0.0
3283,0.0,27.95,421.67,0.0
3284,0.0,392.58,0.0,0.0
3285,0.0,108.12,0.0,275.22
3286,0.0,48.78,0.0,72.03
3287,219.17,218.78,0.0,95.23
3288,0.0,97.78,0.0,0.0
3289,0.0,301.58,0.0,0.0
3290,0.0,275.5,0.0,207.11
3291,198.74,484.06,0.0,0.0
3292,0.0,7.94,0.0,0.0
3293,0.0,11.89,0.0,78.07
3294,288.98,25.84,0.0,0.0
3295,0.0,6.9,0.0,0.0
3296,423.87,275.47,0.0,0.0
3297,225.05,580.01,0.0,0.0
3298,0.0,37.38,0.0,0.0
3299,0.0,228.17,0.0,0.0
3300,0.0,41.19,0.0,0.0
3301,0.0,864.84,0.0,0.0
3302,0.0,49.61,324.6,0.0
3303,0.0,36.9,0.0,0.0
3304,0.0,7.13,0.0,0.0
3305,0.0,256.6,0.0,0.0
3306,0.0,257.52,0.0,0.0
3307,0.0,12.53,0.0,0.0
3308,0.0,6.83,0.0,177.34
3309,554.88,469.05,0.0,0.0
3310,0.0,26.31,0.0,0.0
3311,0.0,20.15,0.0,0.0
3312,0.0,24.2,0.0,0.0
3313,618.28,235.96,164.9,0.0
3314,0.0,47.61,482.55,97.99
3315,240.57,22.35,361.11,0.0
3316,0.0,0.64,400.12,116.97
3317,0.0,180.28,0.0,167.44
3318,0.0,74.3,0.0,87.64
3319,0.0,9.23,0.0,0.0
3320,0.0,26.94,0.0,0.0
3321,0.0,384.65,0.0,0.0
3322,225.1,215.25,0.0,0.0
3323,0.0,1878.11,0.0,0.0
3324,0.0,18.7,0.0,0.0
3325,0.0,326.75,347.3,0.0
3326,0.0,186.88,0.0,0.0
3327,0.0,49.35,0.0,0.0
3328,0.0,189.39,0.0,0.0
3329,243.27,212.96,0.0,0.0
3330,0.0,862.63,0.0,0.0
3331,0.0,1114.98,0.0,0.0
3332,0.0,526.92,0.0,0.0
3333,0.0,46.86,0.0,187.51
3334,0.0,2.25,0.0,0.0
3335,0.0,190.74,0.0,0.0
3336,0.0,37.97,0.0,0.0
3337,0.0,21.98,0.0,0.0
3338,0.0,357.08,0.0,0.0
3339,279.93,23.87,0.0,0.0
3340,0.0,26.22,0.0,0.0
3341,0.0,32.42,0.0,0.0
3342,200.33,29.85,0.0,0.0
3343,0.0,43.83,0.0,0.0
3344,0.0,23.11,0.0,0.0
3345,730.61,25.33,0.0,0.0
3346,283.0,334.28,0.0,0.0
3347,0.0,25.95,397.1,0.0
3348,0.0,431.3,0.0,0.0
3349,396.15,746.17,319.15,0.0
3350,267.04,32.58,0.0,0.0
3351,282.55,399.41,0.0,0.0
3352,347.44,599.3,0.0,0.0
3353,0.0,164.15,465.73,0.0
3354,257.55,33.04,0.0,0.0
3355,0.0,29.0,0.0,184.2
3356,0.0,224.27,309.9,0.0
3357,0.0,693.07,0.0,0.0
3358,269.57,280.45,267.45,0.0
3359,0.0,282.83,0.0,200.5
3360,0.0,3.11,333.28,0.0
3361,0.0,927.26,0.0,0.0
3362,534.23,31.63,0.0,0.0
3363,502.22,1040.5,0.0,0.0
3364,582.81,926.88,401.69,0.0
3365,0.0,219.62,0.0,107.01
3366,0.0,6.69,0.0,0.0
3367,441.31,270.39,0.0,0.0
3368,0.0,194.98,0.0,0.0
3369,0.0,686.45,0.0,0.0
3370,0.0,33.11,0.0,0.0
3371,275.54,309.21,0.0,0.0
3372,407.41,233.94,410.75,0.0
3373,203.18,35.89,0.0,0.0
3374,0.0,225.2,0.0,0.0
3375,0.0,12.75,0.0,0.0
3376,0.0,447.85,0.0,103.97
3377,0.0,27.13,0.0,137.52
3378,0.0,34.39,0.0,0.0
3379,0.0,41.12,0.0,0.0
3380,0.0,553.75,0.0,0.0
3381,307.57,41.08,293.0,0.0
3382,320.94,2.93,0.0,0.0
3383,167.97,125.68,0.0,263.77
3384,515.05,46.41,367.76,0.0
3385,0.0,28.39,0.0,0.0
3386,0.0,49.61,0.0,108.56
3387,0.0,30.34,0.0,0.0
3388,671.05,36.16,461.27,0.0
3389,771.22,4.88,0.0,0.0
3390,0.0,909.85,0.0,0.0
3391,540.61,10.08,0.0,0.0
3392,0.0,43.78,0.0,0.0
3393,0.0,26.87,0.0,0.0
3394,455.83,703.05,0.0,0.0
3395,0.0,1.89,0.0,168.39
3396,0.0,41.15,295.03,0.0
3397,0.0,13.41,0.0,0.0
3398,0.0,212.98,193.64,0.0
3399,0.0,12.65,0.0,0.0
3400,221.13,187.33,0.0,0.0
3401,0.0,115.67,0.0,208.47
3402,0.0,27.07,406.49,123.74
3403,0.0,7.49,0.0,0.0
3404,0.0,195.64,0.0,0.0
3405,0.0,981.29,0.0,0.0
3406,0.0,33.2,0.0,0.0
3407,0.0,124.35,0.0,219.21
3408,0.0,14.39,0.0,0.0
3409,200.77,327.85,0.0,0.0
3410,0.0,222.41,0.0,0.0
3411,484.15,44.44,0.0,0.0
3412,289.14,368.18,0.0,0.0
3413,0.0,23.61,0.0,138.94
3414,0.0,29.81,351.59,68.85
3415,0.0,493.2,0.0,0.0
3416,266.93,27.33,0.0,0.0
3417,0.0,47.19,0.0,0.0
3418,0.0,11.4,0.0,0.0
3419,0.0,395.63,0.0,177.95
3420,327.67,29.62,0.0,0.0
3421,0.0,21.02,0.0,0.0
3422,0.0,17.34,0.0,0.0
3423,0.0,140.58,0.0,90.91
3424,0.0,21.04,290.29,0.0
3425,0.0,20.88,0.0,0.0
3426,251.32,23.53,0.0,0.0
3427,0.0,14.66,0.0,109.78
3428,0.0,16.28,211.82,0.0
3429,0.0,11.39,0.0,0.0
3430,0.0,737.67,0.0,0.0
3431,0.0,148.56,0.0,0.0
3432,0.0,204.26,0.0,163.68
3433,256.18,841.58,0.0,0.0
3434,187.92,320.83,0.0,0.0
3435,717.15,41.35,0.0,0.0
3436,0.0,21.25,0.0,0.0
3437,0.0,280.37,0.0,0.0
3438,125.87,21.49,0.0,0.0
3439,0.0,47.71,392.19,0.0
3440,0.0,500.64,0.0,0.0
3441,246.28,41.6,0.0,0.0
3442,204.36,46.42,0.0,0.0
3443,775.16,644.07,0.0,0.0
3444,0.0,31.9,0.0,157.93
3445,0.0,155.73,0.0,60.8
3446,189.46,6.51,0.0,0.0
3447,0.0,49.8,331.35,0.0
3448,0.0,1319.58,0.0,0.0
3449,131.21,221.34,0.0,0.0
3450,0.0,28.06,0.0,0.0
3451,0.0,658.46,0.0,0.0
3452,507.06,546.78,0.0,0.0
3453,200.49,23.51,0.0,0.0
3454,526.31,23.94,0.0,0.0
3455,0.0,17.7,0.0,0.0
3456,183.39,152.77,237.25,0.0
3457,0.0,250.03,354.25,168.55
3458,285.86,308.06,0.0,0.0
3459,0.0,214.48,0.0,0.0
3460,0.0,27.63,0.0,0.0
3461,0.0,47.31,0.0,0.0
3462,342.22,40.7,0.0,0.0
3463,0.0,1281.2,0.0,0.0
3464,0.0,41.36,0.0,0.0
3465,0.0,134.25,394.41,163.92
3466,296.68,240.69,0.0,0.0
3467,284.01,40.35,0.0,0.0
3468,243.88,246.97,0.0,0.0
3469,0.0,35.18,0.0,0.0
3470,250.81,613.92,0.0,0.0
3471,0.0,31.31,0.0,0.0
3472,0.0,528.3,0.0,0.0
3473,474.44,929.91,0.0,0.0
3474,0.0,6.69,0.0,0.0
3475,0.0,332.06,0.0,0.0
3476,0.0,39.08,0.0,111.99
3477,0.0,237.65,0.0,0.0
3478,0.0,17.99,0.0,61.2
3479,232.2,264.65,454.6,0.0
3480,249.64,299.06,0.0,0.0
3481,0.0,170.84,0.0,0.0
3482,0.0,612.12,0.0,0.0
3483,387.25,39.82,0.0,0.0
3484,0.0,173.5,0.0,0.0
3485,0.0,262.07,0.0,0.0
3486,449.02,49.66,492.04,0.0
3487,0.0,3.29,165.19,91.93
3488,654.93,503.18,0.0,0.0
3489,0.0,202.35,0.0,0.0
3490,0.0,151.13,289.13,0.0
3491,0.0,103.0,0.0,0.0
3492,0.0,10.16,0.0,0.0
3493,0.0,364.38,0.0,0.0
3494,0.0,209.49,0.0,253.86
3495,0.0,46.26,0.0,0.0
3496,0.0,230.91,0.0,0.0
3497,0.0,403.96,0.0,0.0
3498,0.0,208.38,0.0,0.0
3499,0.0,45.66,0.0,0.0
3500,0.0,200.08,0.0,0.0
