personID,healthInsurance,oopMedical,dentalVision,lifeInsurance
1,630.91,253.06,32.63,0.0
2,102.37,186.2,25.75,0.0
3,267.58,58.33,72.04,172.86
4,191.66,288.96,66.75,90.21
5,451.05,254.44,38.8,0.0
6,534.18,238.36,71.6,0.0
7,164.26,160.46,0.0,0.0
8,517.59,285.64,38.03,0.0
9,178.12,172.46,0.0,0.0
10,420.5,230.2,0.0,0.0
11,208.65,75.15,22.61,0.0
12,291.03,104.72,64.75,0.0
13,123.32,156.05,57.56,0.0
14,524.78,195.32,74.46,0.0
15,661.28,251.39,46.76,164.01
16,188.89,110.22,68.3,0.0
17,651.28,243.59,63.32,0.0
18,593.17,272.5,72.05,0.0
19,290.37,254.61,0.0,0.0
20,650.91,205.6,48.96,120.38
21,594.57,252.5,78.51,0.0
22,235.69,269.38,24.43,0.0
23,376.01,188.78,45.14,0.0
24,290.98,252.54,0.0,80.65
25,108.63,155.28,75.47,0.0
26,289.63,180.62,0.0,0.0
27,1108.15,63.15,41.12,0.0
28,298.03,270.87,25.98,66.9
29,450.38,85.09,0.0,0.0
30,428.65,119.05,39.12,0.0
31,594.44,129.37,25.89,0.0
32,957.09,78.98,0.0,190.26
33,331.63,280.44,39.73,0.0
34,280.88,292.51,0.0,0.0
35,358.81,266.3,73.14,0.0
36,264.13,136.59,24.0,146.2
37,360.86,63.81,78.32,0.0
38,272.6,95.72,59.1,0.0
39,332.41,243.02,71.65,0.0
40,872.29,121.49,21.73,181.43
41,354.99,273.15,0.0,0.0
42,327.35,258.78,46.07,0.0
43,273.22,109.24,73.97,0.0
44,483.04,223.36,28.48,0.0
45,493.33,160.57,24.35,0.0
46,606.67,103.74,0.0,0.0
47,388.89,197.53,0.0,87.99
48,426.62,259.34,66.79,0.0
49,156.69,281.7,43.25,0.0
50,431.79,64.68,56.14,0.0
51,190.59,154.68,0.0,0.0
52,215.77,201.11,45.46,0.0
53,342.13,134.5,0.0,0.0
54,754.91,129.42,30.35,0.0
55,248.86,242.98,0.0,86.92
56,203.94,245.63,0.0,0.0
57,84.02,232.23,0.0,0.0
58,170.17,274.63,32.12,0.0
59,383.76,173.68,43.03,111.9
60,610.99,246.95,0.0,0.0
61,550.94,52.8,0.0,158.18
62,838.17,296.86,44.75,118.03
63,444.84,279.81,63.85,0.0
64,219.25,260.34,37.28,53.33
65,618.15,196.94,0.0,0.0
66,1593.92,186.04,0.0,0.0
67,242.52,87.53,0.0,0.0
68,240.29,63.49,67.51,0.0
69,668.28,113.97,0.0,0.0
70,299.62,87.74,0.0,0.0
71,343.27,190.21,20.33,105.91
72,476.42,133.14,48.22,0.0
73,383.52,146.96,0.0,73.19
74,171.51,56.6,36.9,0.0
75,416.32,187.15,0.0,0.0
76,693.48,214.04,32.81,0.0
77,80.52,133.6,0.0,0.0
78,76.36,82.81,21.87,0.0
79,88.16,225.93,59.48,0.0
80,594.88,82.25,0.0,106.81
81,294.39,254.21,45.47,0.0
82,250.59,186.51,24.48,0.0
83,112.39,109.36,42.16,0.0
84,604.11,274.68,47.95,0.0
85,174.91,85.44,0.0,0.0
86,157.08,200.3,66.45,0.0
87,1018.83,204.38,37.51,133.07
88,102.75,59.33,58.38,0.0
89,199.95,202.43,39.12,0.0
90,944.01,223.55,0.0,0.0
91,111.22,277.53,52.27,0.0
92,329.53,227.23,44.99,125.91
93,77.77,171.11,0.0,68.58
94,165.08,263.33,0.0,0.0
95,550.72,138.45,0.0,147.91
96,772.02,263.88,37.68,0.0
97,98.36,260.99,32.36,0.0
98,220.31,200.91,30.13,0.0
99,425.17,136.16,21.62,0.0
100,392.57,197.8,0.0,188.75
101,352.43,276.47,30.41,0.0
102,1063.78,209.13,42.58,0.0
103,88.8,260.0,0.0,0.0
104,408.6,136.16,45.79,0.0
105,111.9,123.08,0.0,0.0
106,1058.59,113.96,41.46,0.0
107,205.22,172.81,65.72,0.0
108,203.74,157.99,71.4,0.0
109,777.42,263.56,39.14,64.67
110,166.17,78.15,43.62,0.0
111,134.0,188.51,56.19,0.0
112,462.64,150.85,54.05,142.06
113,623.82,284.39,31.48,0.0
114,409.45,247.1,0.0,0.0
115,846.62,158.34,0.0,0.0
116,213.28,210.15,0.0,132.24
117,323.75,236.4,69.2,0.0
118,203.66,67.79,47.03,0.0
119,353.09,218.43,0.0,0.0
120,169.21,84.87,20.12,0.0
121,123.16,97.24,0.0,48.28
122,437.89,165.3,54.3,0.0
123,621.81,294.86,26.02,113.31
124,481.35,288.04,0.0,0.0
125,541.75,275.57,0.0,0.0
126,641.4,58.58,0.0,0.0
127,423.24,263.21,67.5,0.0
128,255.17,244.04,0.0,0.0
129,280.34,174.7,20.24,0.0
130,219.87,131.36,0.0,75.89
131,603.19,238.9,72.12,0.0
132,262.53,76.76,58.08,0.0
133,221.75,212.61,44.16,87.18
134,310.97,217.97,31.42,0.0
135,436.02,188.42,0.0,0.0
136,507.31,269.45,50.72,73.47
137,182.43,132.46,77.32,0.0
138,91.26,169.54,0.0,0.0
139,312.3,239.67,70.65,176.0
140,311.98,229.17,0.0,0.0
141,131.77,190.62,75.33,0.0
142,245.3,118.03,0.0,0.0
143,319.7,123.56,0.0,0.0
144,146.31,235.3,0.0,0.0
145,294.16,51.44,21.75,0.0
146,327.88,213.18,67.67,56.86
147,101.07,112.07,41.68,0.0
148,786.87,218.25,67.99,0.0
149,167.77,96.73,56.7,0.0
150,822.79,144.11,45.8,114.85
151,277.4,238.45,67.25,0.0
152,680.29,238.8,30.03,0.0
153,313.88,102.42,0.0,0.0
154,482.39,144.07,31.87,167.2
155,130.33,175.63,69.37,0.0
156,446.09,196.84,0.0,0.0
157,195.85,235.61,0.0,0.0
158,591.13,55.91,0.0,147.67
159,210.12,78.83,30.01,0.0
160,392.58,89.43,0.0,0.0
161,536.6,97.67,0.0,0.0
162,419.6,57.57,0.0,0.0
163,1421.84,280.12,0.0,0.0
164,445.09,90.55,0.0,31.46
165,171.89,68.41,0.0,0.0
166,177.75,167.93,0.0,0.0
167,480.97,285.3,39.75,99.76
168,680.76,291.1,59.86,72.47
169,173.22,219.1,42.5,0.0
170,873.39,94.59,43.67,0.0
171,152.27,50.95,78.17,0.0
172,229.29,133.76,0.0,64.91
173,439.23,81.36,51.75,0.0
174,193.46,238.77,0.0,0.0
175,409.57,292.28,41.2,0.0
176,725.94,70.93,0.0,0.0
177,1054.63,149.23,34.34,69.92
178,222.18,275.62,36.48,0.0
179,508.55,232.07,65.86,0.0
180,159.84,267.45,36.95,0.0
181,620.34,280.74,0.0,0.0
182,489.89,153.15,28.33,0.0
183,490.27,223.42,59.79,166.32
184,82.55,227.33,57.45,0.0
185,751.45,207.7,72.67,0.0
186,378.57,131.44,36.88,51.17
187,162.37,258.04,0.0,0.0
188,212.55,242.22,79.24,0.0
189,625.48,161.3,68.45,0.0
190,728.83,155.24,67.18,149.82
191,84.87,52.7,54.6,0.0
192,176.42,260.86,0.0,0.0
193,179.23,121.0,0.0,125.96
194,146.63,167.7,26.53,0.0
195,102.34,152.83,0.0,0.0
196,352.1,219.53,60.66,0.0
197,156.93,147.53,57.7,0.0
198,648.03,94.93,27.38,105.23
199,401.79,267.15,0.0,50.83
200,430.99,95.89,0.0,0.0
201,497.37,57.11,0.0,197.02
202,196.68,99.06,0.0,0.0
203,465.4,163.79,50.28,93.1
204,301.81,155.81,0.0,0.0
205,772.22,249.08,56.92,107.04
206,270.45,98.73,0.0,0.0
207,411.57,243.9,0.0,0.0
208,223.03,74.09,38.6,0.0
209,210.21,168.42,62.86,0.0
210,124.04,266.33,65.33,0.0
211,104.27,153.23,50.47,0.0
212,1263.57,290.82,25.39,0.0
213,1475.52,207.76,38.4,0.0
214,246.89,239.16,34.02,168.6
215,256.42,177.46,52.5,0.0
216,816.42,157.44,76.79,83.32
217,336.41,71.17,58.24,0.0
218,381.29,79.99,43.95,0.0
219,123.55,192.93,38.74,51.17
220,521.58,203.41,32.07,0.0
221,416.47,296.19,24.26,172.49
222,157.64,264.44,63.17,0.0
223,176.57,261.12,27.02,0.0
224,612.82,121.65,79.32,0.0
225,718.59,152.95,46.01,102.1
226,664.41,75.53,77.87,188.58
227,152.66,195.38,0.0,0.0
228,212.25,67.38,25.08,0.0
229,378.48,161.71,26.05,93.27
230,690.49,191.55,0.0,171.22
231,656.91,107.05,0.0,0.0
232,336.02,243.86,0.0,182.35
233,192.39,218.71,41.87,0.0
234,503.24,86.97,29.65,0.0
235,295.55,295.92,79.92,0.0
236,226.39,185.51,0.0,0.0
237,459.98,56.6,63.54,162.36
238,263.64,137.53,43.44,0.0
239,227.19,294.83,0.0,0.0
240,217.67,275.58,37.56,0.0
241,267.52,87.79,72.21,0.0
242,161.81,263.75,52.15,0.0
243,427.84,204.6,50.44,0.0
244,581.15,55.43,65.45,0.0
245,206.17,239.36,22.61,0.0
246,237.19,153.21,0.0,0.0
247,389.39,149.03,0.0,0.0
248,112.25,145.7,37.51,0.0
249,160.16,199.14,57.15,0.0
250,286.58,228.55,67.72,97.94
251,641.46,211.91,43.87,0.0
252,318.26,110.44,67.98,120.11
253,477.47,226.7,0.0,0.0
254,444.95,83.88,34.46,120.53
255,120.02,292.84,45.65,0.0
256,213.73,168.4,0.0,0.0
257,266.07,72.84,61.1,0.0
258,754.94,194.16,72.94,72.96
259,133.63,194.25,52.25,0.0
260,80.36,59.7,45.52,0.0
261,852.97,52.72,64.85,0.0
262,338.03,299.03,41.13,0.0
263,202.56,147.52,55.33,63.52
264,351.23,111.36,0.0,0.0
265,93.36,186.93,0.0,0.0
266,440.76,52.08,62.83,0.0
267,105.26,53.22,48.88,0.0
268,318.84,78.19,29.04,0.0
269,616.37,250.63,78.56,66.64
270,246.0,112.06,25.0,0.0
271,899.8,175.86,0.0,0.0
272,331.13,105.91,60.49,136.12
273,283.14,186.21,31.91,0.0
274,164.75,177.2,31.74,0.0
275,786.63,150.18,33.27,0.0
276,508.04,158.3,0.0,193.94
277,260.11,213.34,37.79,0.0
278,210.97,260.54,77.47,0.0
279,437.24,129.85,73.21,0.0
280,876.7,183.04,0.0,83.39
281,130.01,263.54,57.45,0.0
282,481.98,91.98,46.33,0.0
283,170.22,294.89,0.0,0.0
284,78.2,237.66,0.0,0.0
285,337.95,141.53,66.12,0.0
286,208.76,143.79,0.0,0.0
287,198.02,101.34,57.4,0.0
288,209.42,116.98,25.89,0.0
289,287.5,196.76,55.25,0.0
290,173.43,50.93,24.25,0.0
291,857.19,55.79,70.0,0.0
292,123.48,296.62,47.62,0.0
293,318.18,108.88,35.21,0.0
294,371.12,257.39,0.0,0.0
295,510.72,203.1,0.0,0.0
296,205.76,161.5,71.79,117.59
297,313.7,233.05,0.0,0.0
298,372.56,62.51,58.7,0.0
299,150.2,239.02,0.0,0.0
300,583.21,264.25,68.35,73.95
301,455.75,120.06,37.07,0.0
302,376.45,125.4,0.0,0.0
303,295.3,75.75,57.5,0.0
304,90.11,263.97,27.54,102.9
305,277.5,251.98,0.0,0.0
306,339.7,156.3,32.92,0.0
307,297.86,144.43,35.77,0.0
308,279.87,156.88,78.98,0.0
309,403.32,155.09,0.0,0.0
310,153.04,157.4,64.91,0.0
311,205.94,86.44,33.71,75.91
312,128.09,53.37,0.0,0.0
313,386.68,240.61,63.89,0.0
314,114.47,135.94,0.0,0.0
315,662.45,172.72,0.0,0.0
316,172.65,126.86,0.0,46.14
317,801.33,145.41,0.0,0.0
318,402.23,68.72,0.0,80.1
319,487.84,142.57,0.0,0.0
320,346.92,165.78,30.45,96.63
321,117.74,258.21,0.0,0.0
322,190.76,130.55,0.0,0.0
323,1593.46,72.14,0.0,0.0
324,616.52,239.8,31.01,176.78
325,98.08,143.91,0.0,0.0
326,525.34,278.84,49.34,0.0
327,379.02,289.76,0.0,0.0
328,87.42,267.96,0.0,0.0
329,785.65,106.66,50.95,0.0
330,571.07,113.45,77.59,69.81
331,327.13,248.53,75.74,0.0
332,92.31,161.53,74.53,0.0
333,158.72,124.45,55.52,61.05
334,421.93,123.48,43.66,0.0
335,101.58,194.37,20.57,0.0
336,203.26,273.76,0.0,0.0
337,230.58,204.73,0.0,0.0
338,167.13,205.07,49.55,0.0
339,617.11,236.74,72.4,88.47
340,314.97,240.08,23.51,69.81
341,432.03,277.36,0.0,155.22
342,110.72,90.53,25.72,0.0
343,652.07,296.16,62.34,0.0
344,317.56,132.21,39.93,0.0
345,1089.05,120.39,77.29,0.0
346,204.97,177.45,43.82,0.0
347,395.12,116.09,0.0,0.0
348,106.12,108.23,37.41,0.0
349,242.59,291.7,60.81,0.0
350,866.31,76.0,65.57,62.52
351,682.38,297.49,30.44,0.0
352,339.14,205.62,73.54,0.0
353,344.27,289.64,55.65,0.0
354,479.38,274.35,32.86,0.0
355,88.91,212.1,78.76,0.0
356,245.37,197.46,28.87,67.46
357,245.04,298.16,47.35,0.0
358,625.17,178.8,0.0,179.88
359,416.9,94.69,63.26,0.0
360,348.58,298.24,0.0,171.88
361,388.25,130.88,35.96,167.48
362,109.0,71.85,30.59,0.0
363,392.39,229.22,28.23,0.0
364,93.94,161.51,0.0,0.0
365,754.89,147.01,52.34,0.0
366,158.35,207.9,31.75,0.0
367,303.94,63.21,23.77,0.0
368,207.72,224.56,0.0,0.0
369,785.51,175.86,21.78,0.0
370,219.64,172.56,26.01,67.05
371,208.83,275.01,0.0,45.11
372,397.94,257.8,0.0,0.0
373,810.68,182.9,0.0,0.0
374,299.19,194.59,62.76,0.0
375,1112.99,251.74,24.54,0.0
376,1197.07,152.82,0.0,0.0
377,157.95,217.81,0.0,0.0
378,222.99,185.19,0.0,0.0
379,201.11,174.91,0.0,0.0
380,308.51,296.18,39.12,0.0
381,120.37,54.38,59.94,0.0
382,397.41,153.66,52.08,154.27
383,310.54,282.54,47.04,122.22
384,816.23,282.04,53.73,0.0
385,141.46,236.93,48.73,0.0
386,545.84,197.98,0.0,0.0
387,369.32,222.71,63.16,0.0
388,484.91,113.23,0.0,106.52
389,878.43,172.1,0.0,0.0
390,1214.29,184.02,23.36,0.0
391,59.32,65.93,0.0,0.0
392,609.49,266.56,31.62,0.0
393,444.57,164.17,0.0,0.0
394,320.05,274.73,51.73,0.0
395,197.21,147.49,0.0,0.0
396,768.74,152.22,0.0,0.0
397,180.75,111.05,32.15,0.0
398,569.85,211.08,0.0,67.72
399,325.16,187.12,61.23,0.0
400,353.05,278.24,64.71,0.0
401,356.4,157.31,33.92,0.0
402,319.21,212.02,0.0,0.0
403,568.74,226.89,78.88,0.0
404,208.55,129.96,0.0,0.0
405,477.24,270.21,0.0,189.77
406,260.18,145.21,20.27,0.0
407,813.41,209.34,66.34,142.39
408,109.44,203.96,0.0,0.0
409,157.43,155.35,52.67,0.0
410,165.2,95.84,59.17,0.0
411,162.34,198.12,0.0,0.0
412,164.23,143.88,0.0,0.0
413,262.86,144.77,21.14,0.0
414,409.14,173.23,22.42,0.0
415,161.56,219.31,37.03,0.0
416,351.33,232.4,24.82,0.0
417,566.32,156.77,76.39,0.0
418,254.19,79.97,0.0,0.0
419,266.07,247.93,69.83,0.0
420,157.09,217.35,57.26,118.65
421,172.44,250.17,75.47,0.0
422,574.53,128.97,30.08,0.0
423,303.27,277.28,0.0,0.0
424,525.93,115.68,27.02,0.0
425,124.97,122.44,61.24,0.0
426,858.78,184.09,74.72,0.0
427,124.61,299.34,0.0,0.0
428,164.86,100.54,23.26,0.0
429,856.18,259.63,44.94,119.32
430,249.18,50.59,0.0,0.0
431,340.99,109.38,56.35,0.0
432,412.2,136.54,51.61,0.0
433,580.16,212.15,49.39,0.0
434,223.28,78.44,75.66,0.0
435,328.07,82.18,58.39,0.0
436,846.15,86.59,31.71,155.01
437,342.09,215.64,64.36,0.0
438,512.34,78.66,73.76,0.0
439,440.98,149.56,0.0,0.0
440,493.85,89.17,26.09,0.0
441,374.14,145.52,24.02,0.0
442,88.52,228.51,0.0,0.0
443,917.75,119.43,71.98,0.0
444,333.8,204.41,36.72,180.07
445,225.78,112.13,56.33,0.0
446,294.92,234.39,0.0,0.0
447,193.02,244.27,78.98,0.0
448,720.56,127.6,70.07,0.0
449,546.48,55.95,66.68,0.0
450,102.04,82.27,58.38,0.0
451,1000.65,172.74,52.69,121.46
452,391.12,145.51,0.0,0.0
453,110.49,136.39,26.35,0.0
454,293.25,194.83,0.0,0.0
455,270.86,90.38,45.5,0.0
456,644.65,164.17,0.0,197.16
457,197.91,100.85,57.88,0.0
458,669.9,295.26,0.0,0.0
459,171.26,62.16,35.74,0.0
460,159.46,53.95,0.0,0.0
461,98.08,191.05,0.0,0.0
462,198.05,65.66,30.15,0.0
463,341.7,252.75,0.0,0.0
464,458.95,254.9,71.62,0.0
465,202.58,158.06,0.0,0.0
466,382.54,259.59,78.19,0.0
467,619.3,235.13,0.0,161.89
468,414.84,83.85,0.0,0.0
469,805.4,264.9,38.31,0.0
470,84.46,268.57,50.95,0.0
471,95.26,130.68,0.0,0.0
472,177.1,243.75,21.67,0.0
473,113.76,274.34,0.0,0.0
474,257.8,236.41,76.64,0.0
475,888.94,73.5,78.08,93.16
476,160.52,73.66,51.97,0.0
477,170.76,295.6,58.44,0.0
478,215.58,185.34,53.97,0.0
479,207.11,211.11,23.09,0.0
480,508.73,278.06,71.51,0.0
481,105.44,51.86,0.0,0.0
482,197.45,156.67,0.0,0.0
483,913.72,191.6,22.95,0.0
484,106.45,50.54,51.31,0.0
485,964.08,206.1,26.64,0.0
486,328.62,262.73,51.81,0.0
487,237.04,63.73,0.0,0.0
488,548.51,251.06,0.0,82.53
489,217.96,294.38,21.8,0.0
490,202.87,280.07,25.28,68.34
491,275.98,184.25,42.56,0.0
492,168.5,265.12,48.9,0.0
493,167.9,242.66,69.82,0.0
494,313.96,254.42,28.2,147.81
495,377.38,149.51,0.0,54.22
496,496.62,168.91,21.93,0.0
497,429.32,109.78,69.14,0.0
498,1088.21,62.89,48.21,0.0
499,378.12,199.31,62.66,0.0
500,261.15,127.39,63.72,0.0
501,428.21,175.68,51.61,0.0
502,380.19,290.67,31.81,61.09
503,952.21,65.79,55.13,0.0
504,419.71,268.37,0.0,0.0
505,706.5,71.69,0.0,0.0
506,216.75,213.39,24.43,0.0
507,782.87,135.82,0.0,0.0
508,188.95,75.04,26.15,0.0
509,374.73,239.23,0.0,0.0
510,153.84,224.65,59.41,58.75
511,891.94,210.06,63.17,161.72
512,200.75,291.22,0.0,0.0
513,548.81,55.92,0.0,0.0
514,227.68,158.67,66.12,0.0
515,93.85,190.67,0.0,80.03
516,366.54,139.43,0.0,0.0
517,211.82,217.37,44.1,0.0
518,500.31,274.8,65.99,135.87
519,86.82,224.25,0.0,0.0
520,84.04,192.34,54.37,0.0
521,1067.9,234.46,20.79,0.0
522,358.61,77.41,70.41,0.0
523,240.8,207.5,0.0,0.0
524,243.96,151.81,68.52,0.0
525,453.17,129.7,72.52,0.0
526,657.49,176.78,0.0,0.0
527,506.39,251.18,55.83,0.0
528,336.01,153.14,28.8,94.73
529,418.52,225.61,0.0,84.3
530,1024.43,197.22,32.19,0.0
531,237.62,279.04,61.93,0.0
532,260.75,161.21,21.21,0.0
533,342.3,254.98,0.0,0.0
534,273.73,260.49,0.0,0.0
535,827.39,166.04,26.03,145.19
536,288.51,172.15,0.0,0.0
537,288.91,133.35,0.0,117.48
538,849.47,173.89,0.0,0.0
539,644.59,112.31,56.01,0.0
540,684.29,264.57,29.41,0.0
541,150.64,112.48,0.0,0.0
542,464.18,114.41,0.0,90.0
543,739.48,273.91,0.0,107.16
544,124.48,183.04,34.33,88.66
545,325.42,76.28,0.0,0.0
546,571.36,136.43,48.56,0.0
547,234.56,226.35,44.51,0.0
548,102.58,151.45,56.24,0.0
549,182.04,155.79,78.13,0.0
550,477.77,174.67,0.0,33.34
551,161.77,105.63,0.0,78.38
552,781.54,156.01,0.0,0.0
553,385.93,103.84,28.92,94.4
554,278.8,137.69,0.0,0.0
555,179.49,183.09,0.0,0.0
556,810.59,223.43,76.71,0.0
557,607.29,208.48,47.76,0.0
558,143.4,193.88,0.0,144.8
559,242.34,198.88,55.01,0.0
560,259.91,177.73,26.81,0.0
561,153.21,203.65,30.38,0.0
562,353.62,143.88,51.79,142.54
563,327.3,274.86,30.43,0.0
564,571.95,197.64,26.28,112.68
565,755.36,284.15,37.69,0.0
566,348.27,151.15,23.74,54.45
567,169.89,148.63,30.96,0.0
568,165.32,291.25,41.2,0.0
569,642.28,232.26,33.2,0.0
570,598.5,179.68,0.0,109.8
571,166.89,229.63,31.17,0.0
572,187.75,149.18,79.08,0.0
573,307.89,239.7,74.33,0.0
574,849.08,102.39,72.47,68.12
575,87.84,287.72,56.52,0.0
576,208.44,165.21,73.92,0.0
577,406.02,73.23,60.54,109.72
578,187.27,261.25,27.51,0.0
579,122.83,273.59,0.0,93.79
580,476.25,232.49,37.52,75.43
581,437.17,207.43,0.0,0.0
582,166.91,282.1,76.0,0.0
583,1243.89,205.51,60.03,0.0
584,124.67,247.85,61.88,0.0
585,783.78,167.81,42.94,0.0
586,857.09,231.8,0.0,192.36
587,86.95,299.75,0.0,0.0
588,221.14,145.63,30.94,0.0
589,117.18,230.03,0.0,83.73
590,161.22,87.22,28.15,0.0
591,598.44,208.77,52.45,0.0
592,436.43,130.72,44.56,60.71
593,99.15,266.65,30.33,0.0
594,807.65,139.91,49.56,186.44
595,232.34,161.29,41.16,0.0
596,311.18,295.08,30.48,69.44
597,223.07,103.84,28.41,0.0
598,364.85,191.19,42.45,0.0
599,370.64,265.94,73.82,0.0
600,174.44,128.71,50.29,0.0
601,96.56,53.82,72.03,0.0
602,985.67,274.09,0.0,0.0
603,224.32,204.91,63.94,0.0
604,175.89,107.61,53.34,0.0
605,141.36,119.08,0.0,0.0
606,443.13,249.9,0.0,0.0
607,64.73,210.52,76.37,0.0
608,485.44,233.15,74.56,0.0
609,628.93,194.31,0.0,111.04
610,94.31,247.51,0.0,0.0
611,401.1,255.27,76.45,0.0
612,124.61,146.72,0.0,0.0
613,214.42,275.24,40.34,0.0
614,423.07,176.3,55.33,0.0
615,231.38,90.04,46.01,0.0
616,83.47,104.62,41.5,0.0
617,80.8,233.46,0.0,0.0
618,507.44,144.34,38.99,141.43
619,830.47,115.61,39.63,0.0
620,866.75,201.19,35.45,81.69
621,554.76,245.57,0.0,51.12
622,444.07,77.31,28.29,0.0
623,530.7,162.28,0.0,0.0
624,334.24,242.87,35.07,69.79
625,839.3,275.91,48.31,0.0
626,80.01,53.39,53.37,0.0
627,225.44,214.02,0.0,155.89
628,123.1,199.34,73.73,0.0
629,238.82,179.44,0.0,0.0
630,594.59,90.05,78.36,0.0
631,387.64,235.45,51.73,0.0
632,266.25,148.2,0.0,0.0
633,251.97,108.66,0.0,0.0
634,639.0,262.51,0.0,114.15
635,142.85,126.76,0.0,0.0
636,457.27,99.6,37.76,0.0
637,437.42,128.01,66.65,0.0
638,704.94,95.26,36.06,172.63
639,599.28,244.32,66.8,0.0
640,682.25,95.52,45.54,0.0
641,200.72,229.17,0.0,0.0
642,354.64,90.63,63.43,0.0
643,472.13,106.58,0.0,0.0
644,151.41,135.63,0.0,0.0
645,212.54,287.52,0.0,0.0
646,158.49,278.45,0.0,0.0
647,422.46,71.28,29.89,59.5
648,351.98,133.96,0.0,0.0
649,1078.1,136.59,0.0,0.0
650,827.82,102.89,39.97,0.0
651,424.82,158.9,0.0,0.0
652,232.68,237.0,0.0,0.0
653,1014.7,74.84,0.0,0.0
654,76.61,217.91,42.91,0.0
655,333.77,115.19,0.0,0.0
656,181.52,210.61,50.9,0.0
657,592.56,220.47,0.0,95.13
658,107.49,232.03,55.16,0.0
659,211.03,265.43,21.29,0.0
660,429.44,274.9,0.0,91.41
661,858.86,239.78,74.19,0.0
662,178.2,170.27,20.61,0.0
663,569.09,61.05,30.26,0.0
664,892.05,284.28,0.0,115.31
665,433.89,200.33,50.64,0.0
666,409.45,183.64,51.33,0.0
667,401.81,109.87,47.52,0.0
668,702.08,221.06,0.0,0.0
669,410.54,298.68,43.56,0.0
670,198.35,132.51,0.0,0.0
671,569.22,249.9,55.26,0.0
672,488.95,122.78,48.98,99.84
673,156.02,171.93,45.82,0.0
674,184.34,103.32,0.0,0.0
675,505.94,178.2,65.87,0.0
676,375.64,164.83,21.62,0.0
677,120.32,59.73,0.0,0.0
678,340.38,145.45,40.09,133.08
679,129.68,65.68,76.97,0.0
680,466.94,162.66,74.32,0.0
681,448.65,295.04,32.32,188.26
682,205.37,123.24,26.03,0.0
683,101.46,178.91,26.94,0.0
684,167.39,82.55,29.08,0.0
685,260.56,88.49,24.33,0.0
686,194.54,138.87,26.74,0.0
687,165.28,172.43,0.0,60.51
688,971.32,225.35,46.1,0.0
689,203.26,164.17,53.29,0.0
690,847.28,56.1,55.09,121.65
691,482.07,117.74,0.0,0.0
692,682.52,56.19,72.98,0.0
693,192.17,279.49,69.55,0.0
694,181.53,57.26,0.0,0.0
695,296.29,62.4,55.33,0.0
696,537.16,124.57,58.52,185.94
697,448.92,208.08,23.8,185.02
698,620.37,139.49,46.55,129.32
699,540.06,65.39,0.0,0.0
700,320.25,259.06,28.99,0.0
701,306.41,225.06,0.0,93.28
702,311.59,149.09,27.6,0.0
703,637.63,219.23,25.57,0.0
704,405.27,118.65,29.47,0.0
705,101.08,181.97,0.0,0.0
706,104.32,270.13,68.61,0.0
707,350.51,76.92,0.0,0.0
708,937.65,261.72,0.0,0.0
709,656.23,247.14,53.32,50.02
710,532.09,287.28,0.0,138.93
711,339.09,178.44,0.0,0.0
712,147.19,118.73,77.08,0.0
713,214.24,138.27,45.99,0.0
714,592.84,209.95,29.32,0.0
715,767.75,85.2,59.88,0.0
716,236.37,137.92,30.89,110.75
717,303.34,231.61,75.41,0.0
718,139.02,193.44,27.66,0.0
719,192.91,65.69,35.21,0.0
720,229.14,174.21,36.77,193.8
721,448.39,181.05,45.84,0.0
722,431.71,225.2,0.0,0.0
723,334.97,52.66,31.43,0.0
724,331.18,157.1,0.0,193.16
725,137.35,271.65,64.48,125.8
726,400.83,56.29,72.9,0.0
727,535.41,218.1,67.06,0.0
728,521.93,105.8,48.13,130.44
729,1086.85,146.87,34.04,0.0
730,252.7,271.03,0.0,0.0
731,106.81,140.63,51.64,0.0
732,650.66,186.36,49.36,0.0
733,238.05,72.41,41.07,0.0
734,403.75,131.18,0.0,0.0
735,120.63,85.41,75.46,0.0
736,391.41,190.39,55.76,0.0
737,390.55,164.95,41.52,0.0
738,80.0,116.14,61.32,0.0
739,158.07,299.91,0.0,0.0
740,203.29,88.32,0.0,0.0
741,620.43,256.37,25.32,0.0
742,806.46,58.94,0.0,0.0
743,201.22,261.71,72.86,0.0
744,202.32,169.25,78.6,0.0
745,230.47,257.05,21.02,0.0
746,340.61,236.8,60.01,0.0
747,356.6,193.16,56.35,0.0
748,336.4,142.89,0.0,64.72
749,381.55,216.38,0.0,0.0
750,93.77,258.14,0.0,93.94
751,93.19,175.83,33.48,0.0
752,211.37,153.72,63.42,0.0
753,486.06,85.72,30.54,0.0
754,1036.07,274.06,0.0,81.18
755,263.3,116.83,44.11,0.0
756,131.05,80.88,66.46,0.0
757,95.28,66.56,0.0,0.0
758,425.59,237.7,55.39,0.0
759,757.01,218.75,0.0,180.66
760,217.69,80.11,56.04,0.0
761,552.51,182.54,59.18,64.88
762,181.11,88.17,0.0,0.0
763,153.57,145.89,32.04,0.0
764,339.42,245.72,0.0,0.0
765,405.18,106.96,70.39,0.0
766,606.68,56.93,0.0,0.0
767,281.66,98.33,45.54,0.0
768,646.97,150.12,42.02,0.0
769,192.6,110.42,50.57,0.0
770,386.44,230.56,44.22,0.0
771,153.34,247.29,50.01,0.0
772,382.72,110.13,0.0,0.0
773,272.25,117.16,0.0,0.0
774,245.3,190.02,0.0,0.0
775,310.53,238.13,32.88,0.0
776,388.16,289.84,46.03,0.0
777,193.73,125.14,0.0,0.0
778,236.87,277.77,36.02,0.0
779,90.33,95.44,44.61,0.0
780,248.98,60.26,0.0,157.67
781,617.52,248.12,58.08,0.0
782,591.2,169.65,63.89,0.0
783,203.67,69.21,0.0,128.16
784,304.91,67.78,59.19,0.0
785,870.1,53.4,71.58,165.14
786,277.06,126.58,73.85,0.0
787,193.43,233.84,35.33,0.0
788,862.56,216.33,20.3,0.0
789,917.45,299.92,0.0,0.0
790,186.04,198.48,74.58,0.0
791,244.58,77.62,0.0,120.4
792,1407.03,294.63,32.65,0.0
793,299.13,223.24,76.01,153.18
794,615.65,143.51,0.0,0.0
795,634.76,111.75,52.73,191.85
796,1494.76,105.54,76.69,0.0
797,138.38,289.06,0.0,0.0
798,638.16,154.86,76.98,0.0
799,81.14,171.7,0.0,0.0
800,639.84,259.2,44.89,0.0
801,679.63,290.97,0.0,0.0
802,146.34,51.1,0.0,0.0
803,154.6,297.56,49.53,70.3
804,168.99,68.87,32.54,0.0
805,359.67,259.21,0.0,0.0
806,1644.25,287.58,68.85,0.0
807,557.08,190.28,25.02,0.0
808,552.94,187.93,24.99,73.85
809,753.48,217.25,0.0,0.0
810,108.33,138.21,64.76,0.0
811,163.49,91.45,60.77,0.0
812,135.06,66.6,25.65,0.0
813,567.73,270.28,0.0,0.0
814,145.22,186.83,0.0,0.0
815,859.49,223.52,63.86,0.0
816,328.82,133.01,30.29,59.87
817,207.24,251.75,0.0,0.0
818,569.92,137.48,0.0,0.0
819,292.95,57.44,30.72,0.0
820,206.07,134.23,29.76,0.0
821,204.28,262.58,34.48,0.0
822,364.33,268.97,0.0,0.0
823,360.93,283.68,0.0,0.0
824,198.06,174.87,59.05,0.0
825,327.48,289.15,74.3,0.0
826,223.63,174.79,0.0,0.0
827,473.03,88.48,0.0,123.45
828,159.12,175.51,79.25,0.0
829,163.06,267.15,0.0,0.0
830,734.44,246.42,22.08,0.0
831,838.91,158.51,29.24,0.0
832,746.37,103.14,79.2,158.06
833,116.28,195.28,0.0,0.0
834,248.03,282.81,43.65,0.0
835,423.34,94.37,0.0,0.0
836,472.85,256.76,73.41,0.0
837,466.03,86.83,44.88,0.0
838,190.09,279.9,0.0,0.0
839,326.79,223.31,54.27,0.0
840,346.1,77.3,56.28,0.0
841,416.4,100.61,54.69,0.0
842,242.56,281.73,0.0,0.0
843,957.61,176.89,24.02,0.0
844,339.83,163.37,42.46,0.0
845,295.84,64.57,54.29,0.0
846,200.79,71.01,70.21,0.0
847,861.0,222.91,79.14,101.82
848,243.96,244.23,0.0,0.0
849,288.21,266.75,53.13,0.0
850,426.25,175.7,0.0,0.0
851,98.08,132.14,0.0,0.0
852,436.46,206.38,0.0,138.42
853,422.33,204.72,44.62,0.0
854,335.74,58.67,0.0,0.0
855,152.5,284.7,77.39,0.0
856,1046.07,210.64,0.0,0.0
857,79.56,51.62,37.63,0.0
858,483.65,289.91,44.46,0.0
859,166.13,288.16,21.0,0.0
860,206.3,286.48,47.18,0.0
861,163.47,272.22,0.0,0.0
862,729.55,96.16,46.47,0.0
863,165.64,294.29,42.14,0.0
864,234.62,240.48,0.0,0.0
865,352.71,210.19,44.51,0.0
866,78.97,285.67,0.0,0.0
867,130.45,145.27,69.97,0.0
868,317.86,282.84,46.5,0.0
869,210.35,201.42,71.51,0.0
870,700.64,194.82,60.76,0.0
871,852.91,211.49,0.0,65.99
872,553.38,238.54,58.44,0.0
873,246.84,161.23,63.59,84.75
874,414.67,295.15,0.0,111.23
875,140.84,72.13,58.08,0.0
876,336.32,278.46,59.47,0.0
877,623.6,214.36,0.0,115.4
878,376.69,277.48,34.96,0.0
879,388.95,142.19,0.0,0.0
880,588.06,257.25,0.0,0.0
881,178.1,204.0,49.66,0.0
882,219.56,257.78,39.17,0.0
883,625.41,131.26,30.61,47.6
884,333.73,279.33,62.37,61.08
885,789.85,281.06,34.05,0.0
886,435.29,168.71,55.54,68.43
887,258.23,150.08,0.0,0.0
888,96.05,193.8,73.27,0.0
889,299.98,100.05,0.0,0.0
890,971.83,174.05,28.82,0.0
891,94.24,274.21,0.0,0.0
892,206.81,141.29,0.0,0.0
893,100.72,234.01,0.0,0.0
894,1618.36,205.78,0.0,0.0
895,171.58,115.35,40.01,0.0
896,551.11,182.94,0.0,188.48
897,920.11,263.15,72.1,175.72
898,150.9,188.73,59.5,0.0
899,533.04,224.21,0.0,0.0
900,177.69,243.85,38.41,102.83
901,252.95,62.35,25.23,85.89
902,278.14,62.81,42.93,0.0
903,347.19,78.74,41.76,0.0
904,414.5,90.75,71.87,74.19
905,153.0,252.86,73.91,0.0
906,89.25,158.9,24.9,0.0
907,175.48,96.32,23.39,79.41
908,187.36,182.95,0.0,150.94
909,164.93,240.84,28.46,0.0
910,667.25,85.02,0.0,0.0
911,407.16,136.1,0.0,0.0
912,613.17,98.59,50.57,0.0
913,623.16,211.59,43.21,0.0
914,164.62,84.21,67.24,0.0
915,244.2,245.27,47.49,0.0
916,306.5,101.96,0.0,0.0
917,383.63,64.65,22.14,0.0
918,381.01,277.72,0.0,0.0
919,754.55,133.3,49.82,0.0
920,372.91,175.69,30.8,0.0
921,180.34,75.25,0.0,0.0
922,100.43,169.87,38.07,0.0
923,440.57,105.64,64.99,0.0
924,546.1,260.09,0.0,83.62
925,219.34,228.44,65.27,135.69
926,161.07,215.83,0.0,0.0
927,412.79,245.32,78.01,0.0
928,819.28,123.43,60.99,0.0
929,284.58,163.41,43.28,72.91
930,122.89,71.64,0.0,0.0
931,444.26,66.95,53.51,0.0
932,286.93,132.27,50.68,0.0
933,169.48,255.69,30.07,0.0
934,462.17,199.42,27.41,0.0
935,644.72,156.13,0.0,0.0
936,84.45,291.75,0.0,0.0
937,171.84,160.54,75.06,0.0
938,686.47,167.22,69.26,147.44
939,383.11,298.13,24.07,0.0
940,328.45,82.84,54.84,0.0
941,408.35,113.9,0.0,105.25
942,170.87,163.33,0.0,0.0
943,350.22,192.82,23.52,118.16
944,379.83,87.02,75.04,0.0
945,1017.3,132.21,67.08,0.0
946,106.19,105.07,31.0,0.0
947,149.3,262.47,36.63,0.0
948,405.45,258.65,27.48,0.0
949,124.44,109.96,0.0,100.85
950,629.86,158.73,66.33,0.0
951,142.6,212.91,25.13,129.43
952,360.83,62.04,55.4,0.0
953,733.61,270.9,47.01,143.6
954,114.12,177.76,54.4,0.0
955,420.2,106.63,24.2,124.29
956,93.69,149.19,0.0,0.0
957,327.02,275.42,26.87,0.0
958,428.7,56.2,34.22,0.0
959,238.95,85.7,48.32,0.0
960,423.22,98.18,21.94,0.0
961,103.87,65.03,45.27,0.0
962,1127.02,106.31,0.0,0.0
963,1044.87,254.29,68.58,0.0
964,214.13,181.77,28.42,0.0
965,616.21,201.36,0.0,0.0
966,550.56,88.97,0.0,0.0
967,311.15,119.58,73.27,0.0
968,176.87,279.37,51.55,0.0
969,307.2,102.61,57.04,0.0
970,353.56,276.69,36.36,60.9
971,421.75,215.8,0.0,97.39
972,360.54,175.69,0.0,186.8
973,786.3,93.49,51.84,0.0
974,326.34,218.4,0.0,169.52
975,251.8,271.6,27.41,0.0
976,875.3,89.95,21.7,0.0
977,596.92,51.54,0.0,149.33
978,115.32,235.02,0.0,0.0
979,585.68,200.12,0.0,0.0
980,798.86,175.77,0.0,140.91
981,293.25,164.01,0.0,0.0
982,784.84,174.4,21.79,0.0
983,870.09,143.65,0.0,0.0
984,662.89,70.58,0.0,0.0
985,431.76,243.93,67.81,0.0
986,846.07,166.96,39.15,0.0
987,121.25,256.24,26.29,0.0
988,440.85,295.56,0.0,0.0
989,559.27,92.94,0.0,159.28
990,363.37,248.37,45.07,44.91
991,389.29,294.38,73.9,125.86
992,295.81,231.11,40.05,0.0
993,646.0,111.49,61.02,0.0
994,292.83,274.12,71.57,84.87
995,1396.72,248.31,58.46,0.0
996,413.34,162.33,0.0,0.0
997,1483.02,193.14,21.13,0.0
998,386.17,230.48,0.0,0.0
999,78.89,81.13,25.73,0.0
1000,230.4,281.75,0.0,0.0
1001,476.65,296.86,48.47,111.78
1002,347.64,132.63,42.25,58.69
1003,531.58,228.77,62.26,0.0
1004,267.76,155.33,60.94,0.0
1005,310.3,56.93,0.0,0.0
1006,707.17,289.68,63.91,0.0
1007,338.19,85.58,31.75,0.0
1008,594.57,68.74,45.25,0.0
1009,174.92,259.3,51.42,103.85
1010,961.82,58.47,0.0,0.0
1011,438.3,221.97,39.83,164.25
1012,245.92,282.52,64.27,0.0
1013,251.21,151.55,51.73,0.0
1014,449.14,67.09,42.59,0.0
1015,557.26,104.57,0.0,98.27
1016,171.3,287.08,61.93,0.0
1017,603.37,166.35,66.86,0.0
1018,486.99,185.34,60.66,0.0
1019,184.05,89.02,70.75,0.0
1020,126.55,279.5,40.39,114.08
1021,108.41,179.28,0.0,0.0
1022,391.37,182.22,72.0,0.0
1023,180.66,194.01,31.02,145.32
1024,366.34,241.84,0.0,0.0
1025,475.61,100.74,60.67,0.0
1026,211.1,285.58,0.0,186.26
1027,211.89,93.85,67.16,0.0
1028,79.08,99.35,0.0,0.0
1029,977.6,53.1,29.14,167.88
1030,409.98,54.92,0.0,161.04
1031,200.42,157.21,51.88,0.0
1032,388.79,95.74,63.05,0.0
1033,279.47,102.98,33.97,0.0
1034,174.96,296.98,0.0,0.0
1035,527.07,282.33,0.0,113.86
1036,396.3,130.61,38.49,0.0
1037,202.65,135.79,0.0,0.0
1038,206.71,123.02,30.97,0.0
1039,146.8,270.56,40.29,0.0
1040,656.64,74.57,0.0,0.0
1041,783.06,196.02,45.56,148.07
1042,436.25,96.58,0.0,0.0
1043,814.91,239.54,25.17,0.0
1044,239.72,207.84,0.0,0.0
1045,228.71,146.96,46.67,0.0
1046,728.0,74.53,0.0,0.0
1047,533.75,241.85,49.38,133.02
1048,285.16,69.26,25.01,0.0
1049,738.77,118.44,76.84,192.59
1050,61.99,113.41,0.0,0.0
1051,450.61,194.63,47.76,0.0
1052,796.53,178.43,0.0,0.0
1053,312.52,119.94,32.22,0.0
1054,192.85,157.59,56.45,141.32
1055,91.37,159.09,55.26,0.0
1056,629.22,193.39,0.0,0.0
1057,130.05,274.56,0.0,0.0
1058,970.31,85.48,0.0,0.0
1059,816.47,189.42,68.99,0.0
1060,565.45,54.59,0.0,0.0
1061,329.01,224.56,74.62,0.0
1062,288.28,210.1,0.0,0.0
1063,161.22,223.5,0.0,0.0
1064,297.52,168.74,76.04,0.0
1065,190.56,96.71,30.51,0.0
1066,710.36,162.02,45.67,0.0
1067,602.47,55.9,42.88,0.0
1068,422.55,145.36,24.7,0.0
1069,412.09,259.64,0.0,0.0
1070,803.82,134.65,22.79,83.98
1071,211.49,197.94,28.31,0.0
1072,284.9,115.28,0.0,0.0
1073,108.34,83.55,27.02,0.0
1074,860.37,180.23,47.12,112.95
1075,87.17,58.94,39.62,0.0
1076,324.51,276.12,0.0,0.0
1077,474.06,244.3,32.88,0.0
1078,222.13,299.48,0.0,0.0
1079,98.53,298.3,52.01,0.0
1080,433.84,232.25,32.82,0.0
1081,315.62,244.17,48.84,0.0
1082,855.15,182.02,38.34,0.0
1083,97.47,104.64,64.03,0.0
1084,773.11,252.1,0.0,0.0
1085,1530.79,117.42,64.22,0.0
1086,202.41,212.5,0.0,0.0
1087,582.42,232.72,56.28,155.08
1088,471.67,191.07,0.0,113.16
1089,217.81,215.68,0.0,0.0
1090,113.9,123.23,65.95,0.0
1091,194.02,240.13,44.79,0.0
1092,133.92,285.89,0.0,0.0
1093,665.41,171.0,47.23,0.0
1094,388.94,80.24,73.87,157.04
1095,301.4,204.93,0.0,0.0
1096,857.91,135.35,31.52,0.0
1097,192.41,154.78,0.0,0.0
1098,364.61,87.91,33.72,0.0
1099,652.25,206.45,0.0,0.0
1100,408.41,246.81,42.75,0.0
1101,210.68,241.61,26.47,0.0
1102,555.42,298.47,52.54,0.0
1103,89.45,103.05,35.07,0.0
1104,685.1,278.54,40.85,0.0
1105,167.28,233.15,0.0,0.0
1106,357.9,226.87,0.0,85.13
1107,311.82,220.94,0.0,0.0
1108,239.88,184.59,0.0,0.0
1109,260.48,144.66,38.31,128.31
1110,571.07,285.84,73.09,56.06
1111,643.28,87.77,62.66,0.0
1112,173.19,94.0,0.0,0.0
1113,750.22,54.18,72.78,186.52
1114,674.01,234.85,33.41,58.19
1115,349.44,273.5,0.0,0.0
1116,863.69,96.51,0.0,0.0
1117,316.83,58.61,79.3,0.0
1118,333.07,111.03,0.0,0.0
1119,1166.76,270.92,79.47,0.0
1120,87.81,54.05,37.97,0.0
1121,898.3,75.29,0.0,0.0
1122,296.62,56.25,59.26,0.0
1123,109.26,285.79,25.25,0.0
1124,194.91,83.88,41.38,95.97
1125,245.64,275.1,53.93,0.0
1126,903.08,168.36,0.0,0.0
1127,73.66,148.71,72.25,0.0
1128,307.67,156.63,0.0,0.0
1129,392.67,154.67,48.41,0.0
1130,1227.97,135.43,75.27,0.0
1131,305.49,252.7,0.0,140.18
1132,266.71,177.0,77.48,0.0
1133,827.87,297.75,52.97,0.0
1134,585.86,179.44,43.43,0.0
1135,449.52,254.62,55.03,0.0
1136,319.37,236.27,78.19,0.0
1137,863.53,150.28,40.6,0.0
1138,770.06,247.16,0.0,165.2
1139,431.04,88.74,0.0,82.3
1140,1109.69,100.84,0.0,0.0
1141,487.41,204.72,60.4,0.0
1142,216.58,227.89,0.0,0.0
1143,394.24,210.96,60.74,45.13
1144,518.24,177.36,23.3,75.7
1145,497.05,84.4,62.16,68.68
1146,303.5,143.19,47.33,0.0
1147,346.95,201.22,60.26,0.0
1148,239.45,106.52,55.71,0.0
1149,80.72,209.46,70.7,0.0
1150,318.05,108.57,37.7,0.0
1151,380.23,74.46,26.44,0.0
1152,419.78,131.08,74.97,0.0
1153,185.94,118.19,37.53,0.0
1154,651.14,252.61,74.11,127.99
1155,257.29,170.9,0.0,0.0
1156,496.39,66.01,0.0,0.0
1157,447.75,253.89,43.78,0.0
1158,1445.75,117.17,78.54,0.0
1159,524.51,191.97,35.13,0.0
1160,436.68,185.38,0.0,0.0
1161,167.4,292.9,55.03,116.64
1162,663.79,113.73,0.0,0.0
1163,572.13,86.3,49.44,0.0
1164,213.42,114.61,49.26,0.0
1165,140.78,194.12,72.83,0.0
1166,364.21,104.39,57.8,0.0
1167,950.44,135.12,0.0,0.0
1168,630.65,214.51,35.65,0.0
1169,1478.76,79.12,0.0,0.0
1170,616.73,286.33,0.0,0.0
1171,349.6,183.09,0.0,0.0
1172,501.97,170.9,38.93,0.0
1173,259.62,140.76,0.0,0.0
1174,360.79,111.42,59.35,0.0
1175,175.75,170.85,63.28,32.4
1176,160.36,171.57,0.0,0.0
1177,573.26,64.03,29.07,0.0
1178,446.87,261.85,0.0,0.0
1179,1957.08,255.19,20.9,0.0
1180,226.35,161.95,0.0,0.0
1181,77.91,134.19,0.0,0.0
1182,542.79,174.73,59.92,0.0
1183,557.07,105.36,0.0,0.0
1184,215.93,50.21,33.0,99.11
1185,151.89,138.58,0.0,0.0
1186,203.94,54.5,32.44,0.0
1187,841.08,60.18,63.42,0.0
1188,143.31,57.37,45.77,44.24
1189,572.72,270.01,30.33,126.23
1190,304.84,85.9,71.95,0.0
1191,415.97,113.58,0.0,0.0
1192,962.26,172.57,27.52,0.0
1193,387.04,182.33,24.03,0.0
1194,190.8,80.52,0.0,0.0
1195,157.31,277.38,0.0,0.0
1196,327.31,107.77,0.0,0.0
1197,239.99,285.65,25.4,0.0
1198,99.14,114.22,0.0,0.0
1199,299.47,50.65,0.0,0.0
1200,296.24,292.97,65.86,0.0
1201,314.76,170.93,0.0,0.0
1202,439.93,269.69,0.0,0.0
1203,170.58,233.59,77.32,0.0
1204,478.98,94.75,0.0,0.0
1205,193.21,261.32,0.0,0.0
1206,151.67,62.77,0.0,0.0
1207,793.49,176.89,24.9,0.0
1208,384.79,113.53,0.0,0.0
1209,177.08,140.4,64.27,0.0
1210,215.29,239.26,20.4,0.0
1211,767.29,220.85,67.8,0.0
1212,488.78,160.02,20.13,119.89
1213,346.34,61.48,20.09,0.0
1214,605.44,59.98,0.0,0.0
1215,118.41,225.55,0.0,0.0
1216,503.22,287.21,21.04,50.3
1217,184.28,261.82,60.27,0.0
1218,143.81,80.55,76.81,0.0
1219,350.85,80.31,0.0,0.0
1220,377.87,202.63,61.69,0.0
1221,578.15,214.4,75.7,0.0
1222,870.39,204.12,54.92,0.0
1223,224.78,271.35,42.66,0.0
1224,535.95,107.75,36.44,81.98
1225,88.42,93.07,29.24,0.0
1226,199.71,278.54,0.0,0.0
1227,97.41,230.54,74.95,0.0
1228,63.54,227.93,23.06,0.0
1229,250.06,133.84,0.0,0.0
1230,502.21,206.97,0.0,0.0
1231,378.34,231.68,28.03,0.0
1232,388.08,200.07,50.68,0.0
1233,638.72,234.06,40.18,89.39
1234,159.13,197.51,0.0,82.99
1235,712.11,295.51,0.0,0.0
1236,223.57,173.0,0.0,56.02
1237,282.33,53.12,34.77,0.0
1238,179.56,90.84,72.26,72.9
1239,309.03,291.04,74.67,0.0
1240,178.81,167.38,38.63,0.0
1241,434.39,80.13,74.83,0.0
1242,327.19,88.96,33.38,62.48
1243,536.42,57.24,0.0,0.0
1244,673.75,106.58,0.0,0.0
1245,155.32,296.66,51.33,0.0
1246,505.25,132.2,0.0,53.25
1247,97.88,112.56,0.0,0.0
1248,222.16,216.91,0.0,69.02
1249,213.54,218.55,0.0,113.26
1250,386.48,291.96,32.48,150.06
1251,126.6,232.4,0.0,122.97
1252,454.19,77.49,0.0,131.21
1253,134.81,296.4,62.78,0.0
1254,180.0,237.56,54.88,0.0
1255,602.11,114.8,53.7,0.0
1256,319.58,115.3,0.0,45.95
1257,353.29,290.0,0.0,0.0
1258,157.1,98.16,0.0,78.06
1259,153.73,106.9,23.8,0.0
1260,305.16,139.73,0.0,71.03
1261,182.75,219.87,32.76,0.0
1262,380.04,157.43,0.0,0.0
1263,433.87,127.82,54.31,144.99
1264,323.97,116.91,72.76,0.0
1265,315.33,81.27,0.0,0.0
1266,198.08,186.56,0.0,0.0
1267,815.73,118.35,25.06,178.07
1268,435.92,132.87,28.53,0.0
1269,318.22,51.95,30.28,0.0
1270,303.82,182.81,76.57,0.0
1271,308.01,224.11,0.0,0.0
1272,1254.55,281.88,60.13,0.0
1273,849.14,99.28,79.02,0.0
1274,361.59,279.84,50.32,0.0
1275,289.85,140.28,47.47,0.0
1276,436.64,250.6,59.49,124.69
1277,435.58,274.2,40.53,0.0
1278,257.01,290.34,28.95,0.0
1279,578.1,131.36,34.2,0.0
1280,410.22,115.11,0.0,0.0
1281,1386.37,159.89,0.0,0.0
1282,121.43,188.66,0.0,0.0
1283,102.29,222.66,72.9,0.0
1284,537.99,222.97,0.0,0.0
1285,855.72,79.16,57.78,97.56
1286,325.5,202.95,38.47,104.53
1287,189.46,91.97,30.14,0.0
1288,529.3,227.84,0.0,0.0
1289,353.16,294.15,40.3,0.0
1290,135.8,242.72,24.84,0.0
1291,360.43,223.68,65.56,150.81
1292,412.1,69.37,0.0,0.0
1293,665.04,96.16,44.55,0.0
1294,727.84,138.81,48.74,0.0
1295,82.22,283.37,43.17,0.0
1296,557.54,132.72,0.0,134.05
1297,623.18,253.44,76.56,72.57
1298,375.6,75.94,32.87,0.0
1299,225.09,215.5,0.0,0.0
1300,333.59,244.78,52.2,0.0
1301,349.94,185.73,24.65,0.0
1302,1034.57,241.71,0.0,0.0
1303,192.71,230.92,58.69,0.0
1304,933.93,169.25,0.0,0.0
1305,185.76,266.38,62.77,0.0
1306,599.11,135.41,0.0,0.0
1307,214.3,156.35,57.73,0.0
1308,612.98,184.97,23.32,0.0
1309,102.81,82.67,0.0,0.0
1310,414.73,178.83,45.72,0.0
1311,210.58,131.03,75.36,0.0
1312,429.23,114.17,67.19,0.0
1313,164.21,194.21,0.0,0.0
1314,204.22,132.4,63.28,0.0
1315,772.02,263.88,0.0,0.0
1316,113.74,152.49,37.37,0.0
1317,336.9,153.26,27.26,131.35
1318,120.75,295.49,0.0,0.0
1319,110.11,135.38,47.42,133.67
1320,285.79,82.87,21.67,0.0
1321,516.03,269.15,53.74,0.0
1322,365.51,279.25,79.19,0.0
1323,366.92,106.61,42.11,0.0
1324,220.59,270.52,0.0,0.0
1325,341.18,173.64,58.56,0.0
1326,766.72,60.86,76.78,139.13
1327,251.39,187.21,68.85,0.0
1328,887.06,262.19,0.0,0.0
1329,447.09,149.16,0.0,68.08
1330,1188.76,187.75,78.4,0.0
1331,333.64,85.15,0.0,191.29
1332,190.2,260.55,0.0,0.0
1333,394.27,76.72,45.1,0.0
1334,471.14,73.61,28.75,0.0
1335,197.24,283.39,0.0,0.0
1336,645.88,268.37,63.97,0.0
1337,206.55,193.72,26.16,110.55
1338,329.59,76.54,47.15,0.0
1339,1232.13,186.5,43.62,0.0
1340,149.54,280.14,72.3,43.12
1341,518.4,203.09,0.0,0.0
1342,332.69,99.56,0.0,0.0
1343,887.21,276.46,0.0,0.0
1344,336.67,266.36,0.0,0.0
1345,714.62,186.65,76.24,169.78
1346,417.72,263.06,31.56,0.0
1347,635.86,64.09,30.51,196.4
1348,288.39,165.3,47.55,0.0
1349,1542.77,94.52,0.0,0.0
1350,437.93,259.39,34.09,0.0
1351,310.51,292.8,0.0,145.3
1352,219.66,282.67,70.33,0.0
1353,193.61,175.84,40.0,0.0
1354,405.65,177.75,0.0,0.0
1355,726.93,277.06,75.23,0.0
1356,345.74,230.44,78.68,0.0
1357,181.43,68.65,0.0,0.0
1358,393.86,82.09,0.0,0.0
1359,363.6,287.93,63.32,0.0
1360,296.53,141.47,0.0,0.0
1361,346.12,96.84,0.0,87.28
1362,820.55,233.88,24.99,0.0
1363,108.97,269.92,0.0,0.0
1364,145.26,101.64,20.68,0.0
1365,1120.51,112.86,51.77,0.0
1366,113.36,274.99,20.84,0.0
1367,221.82,53.29,37.2,0.0
1368,388.9,276.99,0.0,137.52
1369,219.0,59.82,41.4,0.0
1370,242.87,73.85,0.0,0.0
1371,157.87,265.57,0.0,0.0
1372,305.19,112.1,57.56,0.0
1373,711.72,106.17,0.0,0.0
1374,191.41,261.03,69.67,0.0
1375,374.72,185.55,78.1,197.65
1376,389.69,137.65,55.74,0.0
1377,120.42,228.56,62.53,0.0
1378,186.05,252.44,77.62,0.0
1379,355.4,265.69,63.31,0.0
1380,168.43,79.84,23.87,0.0
1381,196.56,195.64,0.0,133.07
1382,1045.92,219.55,74.74,0.0
1383,496.09,79.12,58.26,0.0
1384,222.66,202.53,77.97,0.0
1385,788.3,57.98,22.9,0.0
1386,193.95,135.39,69.45,0.0
1387,287.35,93.0,22.17,0.0
1388,488.52,190.3,0.0,0.0
1389,313.01,97.77,0.0,0.0
1390,77.42,247.29,59.45,0.0
1391,423.4,80.29,65.94,0.0
1392,168.41,239.46,33.83,0.0
1393,567.29,74.73,0.0,159.58
1394,349.09,160.6,0.0,161.22
1395,428.46,224.63,28.62,44.15
1396,348.81,90.37,75.67,0.0
1397,524.0,238.09,0.0,0.0
1398,361.22,288.35,0.0,0.0
1399,209.73,143.35,33.9,0.0
1400,348.29,50.05,72.92,93.94
1401,1034.79,169.21,51.85,0.0
1402,405.83,275.61,49.94,156.58
1403,169.54,216.25,37.58,0.0
1404,262.15,225.82,39.98,0.0
1405,211.26,248.12,0.0,0.0
1406,455.08,277.05,30.57,0.0
1407,861.05,81.2,23.21,0.0
1408,463.55,197.55,60.17,0.0
1409,635.15,272.43,25.95,0.0
1410,214.27,243.97,56.75,0.0
1411,448.04,112.24,39.93,0.0
1412,381.15,268.65,0.0,59.05
1413,667.11,123.53,47.3,0.0
1414,356.52,152.72,58.36,0.0
1415,636.42,96.41,28.7,0.0
1416,256.62,271.31,32.14,0.0
1417,117.8,73.25,46.13,0.0
1418,202.78,298.53,41.61,96.84
1419,640.5,132.17,46.19,120.08
1420,646.14,227.7,56.69,0.0
1421,652.52,82.18,63.67,143.16
1422,177.51,171.97,65.03,0.0
1423,413.83,60.03,42.2,0.0
1424,172.78,269.6,56.63,0.0
1425,92.09,161.61,76.27,0.0
1426,77.57,235.69,0.0,0.0
1427,522.65,273.63,55.33,0.0
1428,331.62,67.15,0.0,0.0
1429,160.15,177.86,21.11,0.0
1430,809.16,97.39,0.0,0.0
1431,440.59,67.25,0.0,0.0
1432,362.96,205.51,34.35,118.98
1433,739.0,78.52,61.23,0.0
1434,589.29,172.98,0.0,142.11
1435,155.33,99.23,34.57,0.0
1436,360.47,99.43,50.98,0.0
1437,178.22,180.75,46.6,0.0
1438,117.02,188.85,48.31,0.0
1439,213.39,50.87,53.39,0.0
1440,174.94,175.19,72.75,0.0
1441,341.98,217.44,0.0,0.0
1442,189.94,219.63,64.23,0.0
1443,358.78,262.47,55.42,0.0
1444,324.23,273.83,41.23,151.0
1445,272.03,205.72,0.0,0.0
1446,658.7,170.46,79.43,38.25
1447,350.63,101.03,21.94,0.0
1448,390.35,81.69,59.05,0.0
1449,124.55,202.27,0.0,0.0
1450,261.99,286.65,48.31,0.0
1451,867.69,119.55,28.69,0.0
1452,272.81,74.86,62.67,0.0
1453,375.63,155.97,0.0,79.56
1454,550.23,50.12,39.51,0.0
1455,148.95,188.39,28.57,133.31
1456,318.18,62.37,78.01,0.0
1457,447.0,282.74,0.0,36.9
1458,587.42,267.48,25.93,0.0
1459,242.91,78.73,79.28,0.0
1460,263.17,86.72,0.0,0.0
1461,438.4,288.36,21.58,97.75
1462,203.03,253.39,29.63,136.34
1463,231.16,285.51,29.74,0.0
1464,123.06,133.63,0.0,0.0
1465,788.8,77.74,53.88,0.0
1466,194.31,203.85,0.0,0.0
1467,89.81,291.68,73.58,0.0
1468,296.86,82.49,60.96,0.0
1469,251.02,254.72,68.36,0.0
1470,159.72,139.9,55.35,0.0
1471,338.87,78.88,37.0,0.0
1472,223.04,164.76,65.46,0.0
1473,334.13,172.18,68.98,0.0
1474,539.74,52.27,47.13,0.0
1475,463.63,168.61,27.45,65.57
1476,419.13,211.87,78.88,0.0
1477,606.03,241.17,20.62,0.0
1478,228.63,74.64,20.96,180.5
1479,294.21,269.13,41.24,97.35
1480,140.2,91.94,66.77,131.6
1481,714.6,214.57,0.0,67.19
1482,386.64,188.16,0.0,0.0
1483,172.6,270.0,38.4,119.39
1484,171.19,59.66,0.0,58.02
1485,751.07,97.89,0.0,171.66
1486,336.11,80.49,53.94,0.0
1487,1108.47,131.89,0.0,0.0
1488,105.95,134.71,21.23,0.0
1489,688.48,72.15,59.86,0.0
1490,145.28,178.58,55.77,0.0
1491,515.5,79.06,59.09,88.27
1492,153.12,68.59,29.07,0.0
1493,636.43,58.29,76.58,0.0
1494,231.41,282.29,41.32,0.0
1495,306.1,149.18,70.74,83.75
1496,121.3,120.92,22.87,0.0
1497,444.22,170.57,43.28,37.94
1498,216.18,89.42,0.0,0.0
1499,365.6,151.54,23.88,0.0
1500,289.18,97.64,22.63,0.0
1501,650.29,126.1,0.0,158.0
1502,634.01,281.05,48.16,0.0
1503,159.36,87.17,45.06,0.0
1504,210.83,168.46,0.0,145.8
1505,516.17,215.21,24.29,0.0
1506,727.4,279.5,71.53,72.53
1507,345.68,280.75,67.77,0.0
1508,709.06,111.81,0.0,0.0
1509,213.87,285.79,55.35,88.61
1510,221.76,132.85,0.0,0.0
1511,603.42,273.73,55.49,0.0
1512,708.26,73.3,0.0,0.0
1513,171.32,99.59,0.0,0.0
1514,209.7,69.75,22.64,0.0
1515,90.99,124.76,32.79,0.0
1516,146.12,268.46,60.77,0.0
1517,127.12,89.82,63.01,0.0
1518,79.05,106.21,72.2,120.54
1519,435.11,104.05,49.63,0.0
1520,97.25,118.67,50.21,0.0
1521,80.47,54.67,65.78,0.0
1522,416.19,155.96,0.0,0.0
1523,332.86,294.07,49.63,0.0
1524,873.7,162.02,54.16,0.0
1525,209.19,253.34,0.0,0.0
1526,823.23,192.86,0.0,0.0
1527,432.9,53.72,28.41,0.0
1528,908.06,196.38,0.0,94.73
1529,135.18,286.63,45.43,38.98
1530,123.8,188.38,0.0,88.08
1531,271.79,181.98,33.48,194.93
1532,809.99,217.56,36.36,0.0
1533,600.56,267.72,47.29,0.0
1534,348.9,191.19,23.7,124.54
1535,252.28,151.61,0.0,0.0
1536,84.15,59.27,0.0,0.0
1537,1049.88,77.77,28.92,0.0
1538,195.97,212.18,30.67,0.0
1539,568.17,204.73,0.0,142.9
1540,193.3,109.76,0.0,136.45
1541,382.12,229.73,20.1,192.73
1542,184.03,119.92,0.0,0.0
1543,151.84,126.24,71.95,43.76
1544,877.43,65.35,0.0,0.0
1545,307.51,187.57,52.41,0.0
1546,162.79,121.92,51.23,0.0
1547,165.54,254.73,54.87,0.0
1548,305.51,250.37,29.9,0.0
1549,209.04,82.11,42.32,0.0
1550,317.77,90.0,76.98,0.0
1551,132.41,130.25,74.18,0.0
1552,161.31,195.21,28.51,0.0
1553,232.87,135.63,45.54,0.0
1554,787.25,137.56,74.22,0.0
1555,1021.75,85.02,0.0,0.0
1556,354.55,133.9,30.06,0.0
1557,584.36,167.6,61.27,0.0
1558,110.78,296.18,28.31,0.0
1559,125.4,259.49,29.02,0.0
1560,841.19,248.25,34.04,54.68
1561,675.7,189.96,20.47,0.0
1562,326.38,140.02,0.0,0.0
1563,651.04,264.24,0.0,65.87
1564,774.79,136.86,67.89,149.3
1565,77.41,198.2,79.14,0.0
1566,93.65,114.29,60.13,0.0
1567,112.16,244.1,47.05,134.34
1568,120.59,178.63,40.85,0.0
1569,400.22,273.79,0.0,0.0
1570,190.49,192.23,49.03,0.0
1571,283.48,91.08,75.2,0.0
1572,772.88,298.24,0.0,0.0
1573,222.66,175.49,47.23,0.0
1574,421.59,112.68,0.0,0.0
1575,649.29,132.32,0.0,0.0
1576,212.61,80.31,0.0,0.0
1577,374.82,68.49,71.74,136.02
1578,195.52,162.64,71.71,0.0
1579,89.39,287.97,57.28,0.0
1580,394.39,80.74,0.0,0.0
1581,1187.95,275.68,60.08,0.0
1582,606.69,249.18,75.9,0.0
1583,448.99,251.61,35.37,0.0
1584,153.96,227.49,75.01,0.0
1585,338.34,197.96,28.77,0.0
1586,249.07,80.35,43.26,0.0
1587,173.89,193.91,34.48,0.0
1588,395.6,137.99,50.99,148.38
1589,396.89,76.33,32.63,0.0
1590,316.74,250.96,0.0,130.83
1591,209.23,186.64,0.0,0.0
1592,170.66,236.24,0.0,0.0
1593,129.75,169.88,0.0,0.0
1594,156.09,187.93,0.0,0.0
1595,391.42,228.09,0.0,0.0
1596,410.65,111.74,0.0,0.0
1597,455.23,261.76,46.5,50.6
1598,322.02,155.24,63.82,0.0
1599,203.07,227.12,41.61,0.0
1600,580.21,131.52,0.0,0.0
1601,463.83,225.62,0.0,0.0
1602,217.67,60.88,45.16,122.74
1603,480.05,282.32,0.0,0.0
1604,137.19,246.72,0.0,0.0
1605,169.0,216.2,0.0,0.0
1606,183.74,130.97,0.0,0.0
1607,199.52,260.65,53.81,95.32
1608,54.78,241.92,25.09,0.0
1609,400.77,163.27,0.0,87.31
1610,586.08,99.36,38.6,158.81
1611,544.4,93.88,59.98,0.0
1612,346.93,172.05,53.39,0.0
1613,560.62,245.85,0.0,149.54
1614,324.76,228.62,23.92,0.0
1615,734.0,173.39,0.0,0.0
1616,442.86,101.11,31.16,0.0
1617,169.63,109.81,64.74,0.0
1618,193.8,64.41,0.0,0.0
1619,628.33,94.2,27.83,0.0
1620,216.55,53.19,44.35,0.0
1621,134.04,218.62,0.0,93.98
1622,56.47,197.06,63.99,0.0
1623,408.37,296.99,0.0,0.0
1624,468.97,240.69,34.23,0.0
1625,478.19,111.56,20.03,0.0
1626,175.66,226.97,36.15,0.0
1627,555.23,53.04,60.02,0.0
1628,721.24,296.54,46.13,0.0
1629,600.79,203.61,35.67,0.0
1630,409.17,79.92,62.57,0.0
1631,144.95,174.63,48.81,140.88
1632,297.03,285.15,0.0,0.0
1633,355.82,262.43,0.0,0.0
1634,302.96,124.73,58.99,80.96
1635,223.53,149.04,0.0,0.0
1636,534.45,263.39,62.44,0.0
1637,229.69,275.0,0.0,0.0
1638,148.51,278.65,40.45,0.0
1639,417.02,286.97,0.0,0.0
1640,639.9,175.14,0.0,110.71
1641,478.69,265.38,0.0,57.02
1642,471.76,136.74,65.09,0.0
1643,528.67,259.53,0.0,0.0
1644,259.75,136.87,27.91,0.0
1645,159.31,202.08,0.0,0.0
1646,187.4,167.12,43.6,0.0
1647,183.14,273.23,29.23,0.0
1648,705.21,66.63,75.79,0.0
1649,147.08,287.2,0.0,34.04
1650,504.6,165.52,61.27,0.0
1651,788.78,170.35,63.44,0.0
1652,417.76,256.95,78.67,0.0
1653,123.61,216.55,64.94,0.0
1654,304.11,288.43,76.13,0.0
1655,159.19,186.65,38.85,0.0
1656,372.86,189.66,58.45,0.0
1657,178.07,292.93,0.0,0.0
1658,100.1,281.61,29.88,0.0
1659,188.35,102.17,71.11,0.0
1660,206.99,126.74,0.0,0.0
1661,1068.54,206.33,0.0,0.0
1662,521.13,284.84,74.21,0.0
1663,712.62,190.84,73.83,0.0
1664,143.5,233.21,64.51,0.0
1665,227.69,73.5,29.9,0.0
1666,373.25,180.66,22.31,164.23
1667,124.58,86.9,65.12,0.0
1668,349.03,115.16,0.0,0.0
1669,156.1,91.58,20.53,0.0
1670,580.58,91.48,66.57,127.21
1671,710.28,297.93,42.65,0.0
1672,192.6,124.56,56.1,0.0
1673,199.18,191.37,45.85,0.0
1674,428.05,55.02,0.0,0.0
1675,195.33,251.6,0.0,0.0
1676,570.76,220.06,0.0,0.0
1677,441.66,107.19,76.14,0.0
1678,167.8,59.02,59.28,0.0
1679,573.34,118.65,70.49,0.0
1680,206.17,207.15,53.21,0.0
1681,513.89,53.8,28.43,0.0
1682,96.16,68.84,0.0,0.0
1683,743.36,152.34,0.0,0.0
1684,203.99,94.0,0.0,0.0
1685,293.38,207.95,41.31,0.0
1686,721.87,93.66,24.66,0.0
1687,631.88,298.4,22.99,0.0
1688,546.5,158.95,35.07,0.0
1689,202.06,87.08,49.36,0.0
1690,452.32,68.46,76.44,70.05
1691,450.49,155.14,0.0,0.0
1692,618.07,252.27,79.12,87.28
1693,260.3,159.71,39.88,0.0
1694,364.66,85.27,0.0,0.0
1695,1131.41,172.18,0.0,0.0
1696,539.22,134.34,66.48,0.0
1697,215.62,175.47,0.0,0.0
1698,98.73,147.78,0.0,0.0
1699,360.95,211.97,0.0,0.0
1700,186.11,250.91,0.0,0.0
1701,87.93,271.61,62.39,0.0
1702,300.29,235.32,0.0,0.0
1703,542.92,138.76,67.34,102.53
1704,181.91,162.11,79.93,0.0
1705,1623.27,210.44,53.28,0.0
1706,870.01,104.96,38.28,51.16
1707,316.79,225.44,0.0,38.31
1708,527.12,212.45,37.45,0.0
1709,609.44,214.12,62.84,0.0
1710,242.31,133.33,73.86,147.65
1711,200.57,200.39,51.12,0.0
1712,460.9,99.43,62.14,0.0
1713,879.22,97.42,70.32,0.0
1714,349.86,242.13,0.0,0.0
1715,282.79,144.89,27.22,132.95
1716,146.23,186.15,78.83,0.0
1717,317.06,123.19,70.69,0.0
1718,228.14,108.96,0.0,0.0
1719,180.43,244.97,48.59,0.0
1720,134.56,248.55,61.8,0.0
1721,79.14,259.07,0.0,0.0
1722,236.43,263.61,0.0,0.0
1723,541.6,152.84,27.2,0.0
1724,410.88,252.24,78.12,0.0
1725,223.27,136.48,0.0,76.72
1726,196.19,63.13,0.0,0.0
1727,635.49,222.33,0.0,0.0
1728,333.37,99.74,69.53,0.0
1729,204.34,162.87,67.95,0.0
1730,824.6,90.97,70.77,0.0
1731,706.43,147.88,79.35,0.0
1732,120.43,271.22,60.36,0.0
1733,649.4,203.29,0.0,0.0
1734,452.32,87.03,37.42,0.0
1735,410.0,231.38,50.28,0.0
1736,176.64,261.96,65.79,149.46
1737,555.87,91.6,69.93,0.0
1738,95.17,236.02,50.14,0.0
1739,239.48,187.28,0.0,0.0
1740,569.84,201.07,0.0,0.0
1741,640.62,284.76,58.14,113.61
1742,140.9,59.14,69.18,0.0
1743,202.84,209.7,0.0,0.0
1744,173.23,70.37,0.0,0.0
1745,663.56,247.4,0.0,0.0
1746,731.66,274.03,59.99,0.0
1747,348.11,71.63,68.23,0.0
1748,100.06,56.46,53.29,0.0
1749,606.34,288.92,71.03,0.0
1750,145.02,281.63,58.43,0.0
1751,753.08,280.94,0.0,0.0
1752,502.01,284.92,67.7,0.0
1753,79.12,175.02,0.0,0.0
1754,576.56,294.22,74.14,0.0
1755,271.76,273.08,44.87,0.0
1756,278.18,74.42,43.91,0.0
1757,132.32,253.18,0.0,0.0
1758,191.09,228.11,45.15,0.0
1759,215.37,83.52,0.0,0.0
1760,63.08,234.48,41.23,0.0
1761,613.13,171.23,49.04,0.0
1762,886.72,263.46,28.34,0.0
1763,122.98,254.7,58.02,0.0
1764,214.18,285.58,56.77,0.0
1765,639.85,68.82,0.0,0.0
1766,341.7,227.56,0.0,111.18
1767,142.9,144.27,0.0,0.0
1768,780.03,244.0,67.05,0.0
1769,524.99,200.64,77.1,0.0
1770,447.65,173.9,33.06,0.0
1771,340.79,51.06,39.14,0.0
1772,367.74,201.79,66.31,0.0
1773,122.0,155.1,31.74,0.0
1774,336.72,133.13,47.89,0.0
1775,317.53,297.19,36.75,0.0
1776,411.5,225.09,66.02,0.0
1777,356.13,184.97,0.0,192.78
1778,568.54,267.18,53.49,0.0
1779,189.07,106.77,0.0,0.0
1780,597.49,204.98,29.74,0.0
1781,61.01,265.23,0.0,0.0
1782,345.14,80.9,0.0,98.24
1783,820.28,109.02,76.35,0.0
1784,834.72,70.66,53.3,0.0
1785,534.85,298.11,0.0,0.0
1786,661.04,195.23,0.0,180.67
1787,494.22,172.37,41.13,107.16
1788,226.46,134.61,0.0,0.0
1789,354.56,162.36,71.78,0.0
1790,515.31,243.96,25.2,0.0
1791,344.18,279.18,49.56,0.0
1792,429.96,76.24,47.26,0.0
1793,164.93,124.91,0.0,0.0
1794,636.71,97.28,77.66,186.36
1795,220.33,158.87,0.0,0.0
1796,171.9,182.62,0.0,0.0
1797,219.3,230.32,49.51,0.0
1798,301.57,268.91,25.12,0.0
1799,86.78,185.53,71.66,0.0
1800,625.36,172.19,58.54,0.0
1801,305.08,193.94,0.0,0.0
1802,661.04,272.1,38.2,0.0
1803,1195.48,212.14,52.49,0.0
1804,318.99,246.84,32.86,30.87
1805,553.79,229.87,0.0,122.25
1806,209.59,280.88,40.66,58.09
1807,210.96,254.23,0.0,0.0
1808,194.43,135.3,33.85,0.0
1809,792.0,263.59,62.7,0.0
1810,131.02,166.86,0.0,0.0
1811,619.97,261.81,58.87,0.0
1812,389.78,276.44,47.45,0.0
1813,267.27,221.32,0.0,0.0
1814,108.62,229.72,62.76,0.0
1815,90.47,85.28,65.12,0.0
1816,160.39,130.96,31.28,0.0
1817,198.12,189.43,0.0,82.06
1818,433.67,50.88,59.71,0.0
1819,572.65,261.82,0.0,0.0
1820,162.28,142.37,0.0,0.0
1821,513.53,230.85,0.0,0.0
1822,702.73,242.32,0.0,53.17
1823,1338.68,187.02,39.81,0.0
1824,223.36,247.56,32.09,0.0
1825,163.46,220.6,0.0,0.0
1826,652.29,139.96,40.47,0.0
1827,162.44,254.04,26.28,0.0
1828,159.91,209.01,68.17,0.0
1829,221.66,90.05,0.0,0.0
1830,379.05,243.21,55.58,0.0
1831,110.29,219.05,42.06,0.0
1832,1149.53,121.16,36.42,0.0
1833,1113.06,260.49,45.44,153.54
1834,173.6,143.5,49.72,0.0
1835,395.06,188.18,32.42,0.0
1836,216.03,135.79,72.2,0.0
1837,395.94,231.09,0.0,58.79
1838,258.36,195.29,78.47,136.88
1839,369.73,167.57,56.8,68.11
1840,481.29,55.08,0.0,0.0
1841,106.21,201.8,32.5,0.0
1842,570.27,205.59,70.32,133.46
1843,508.73,95.31,0.0,0.0
1844,481.83,133.08,61.67,106.75
1845,139.25,269.7,72.5,0.0
1846,585.63,187.29,0.0,0.0
1847,174.16,158.77,0.0,0.0
1848,486.68,283.99,0.0,116.62
1849,607.8,252.99,28.84,0.0
1850,370.35,74.37,0.0,0.0
1851,152.3,264.73,33.51,0.0
1852,198.9,87.43,49.88,0.0
1853,93.96,93.7,65.7,0.0
1854,263.98,68.84,59.29,0.0
1855,476.07,170.34,68.66,0.0
1856,809.81,211.17,70.19,0.0
1857,431.27,238.43,54.46,0.0
1858,280.12,56.68,41.15,0.0
1859,324.61,94.47,43.87,0.0
1860,161.11,205.31,33.51,0.0
1861,118.97,181.4,0.0,0.0
1862,420.51,62.84,51.62,180.02
1863,353.12,283.85,27.2,153.15
1864,473.07,239.63,52.57,147.22
1865,157.83,139.7,47.79,0.0
1866,289.34,184.1,0.0,0.0
1867,269.92,143.56,74.64,0.0
1868,219.28,163.82,0.0,119.77
1869,532.46,199.05,0.0,96.12
1870,786.27,149.62,71.84,0.0
1871,102.13,205.18,0.0,0.0
1872,416.67,166.29,71.71,0.0
1873,278.08,214.32,0.0,0.0
1874,830.92,115.56,46.56,0.0
1875,978.55,92.8,40.95,70.73
1876,1413.39,53.4,42.84,0.0
1877,882.37,200.5,35.14,0.0
1878,989.25,295.2,66.72,0.0
1879,473.38,155.1,42.79,0.0
1880,283.79,103.16,69.44,0.0
1881,627.22,53.28,78.27,0.0
1882,137.37,178.2,30.53,0.0
1883,169.59,298.18,24.96,0.0
1884,369.32,295.94,31.89,0.0
1885,357.94,75.34,33.52,65.27
1886,510.26,254.1,0.0,0.0
1887,181.18,93.33,0.0,0.0
1888,629.07,252.34,76.19,0.0
1889,424.51,263.39,25.36,0.0
1890,172.75,51.93,28.43,0.0
1891,319.71,109.32,29.38,0.0
1892,745.29,64.14,36.6,122.47
1893,176.56,174.73,73.84,0.0
1894,643.69,56.68,71.88,0.0
1895,795.3,206.52,79.47,0.0
1896,199.46,189.58,0.0,0.0
1897,706.15,144.85,0.0,0.0
1898,586.37,165.45,0.0,150.14
1899,314.88,297.52,0.0,0.0
1900,342.98,91.91,68.54,0.0
1901,1463.8,232.76,70.53,0.0
1902,371.36,211.33,0.0,0.0
1903,366.01,215.92,0.0,39.59
1904,590.93,136.43,0.0,0.0
1905,1517.3,104.12,75.52,0.0
1906,404.67,212.71,21.88,0.0
1907,100.7,278.18,29.61,0.0
1908,326.11,294.0,0.0,0.0
1909,455.46,170.23,33.99,131.07
1910,173.08,156.4,0.0,0.0
1911,504.61,137.24,24.67,168.97
1912,114.59,252.49,24.16,95.92
1913,234.37,113.85,62.02,0.0
1914,577.04,178.26,25.25,0.0
1915,566.58,136.26,50.79,0.0
1916,380.51,268.93,30.25,0.0
1917,244.92,120.67,0.0,0.0
1918,401.87,221.62,77.41,64.41
1919,79.58,197.19,59.07,0.0
1920,341.17,132.09,52.83,0.0
1921,203.29,113.7,22.06,191.25
1922,164.28,250.95,0.0,0.0
1923,470.52,177.63,36.51,0.0
1924,111.31,202.87,0.0,112.16
1925,599.12,290.52,40.91,0.0
1926,234.99,149.5,79.47,0.0
1927,214.33,253.57,68.73,0.0
1928,738.16,209.69,38.27,0.0
1929,416.14,198.38,30.68,0.0
1930,245.98,63.64,75.9,0.0
1931,212.09,278.09,0.0,0.0
1932,129.84,107.15,50.97,0.0
1933,413.69,168.3,78.71,0.0
1934,410.96,238.0,32.38,91.04
1935,390.37,180.58,0.0,0.0
1936,694.34,51.08,58.17,189.18
1937,300.09,287.26,0.0,0.0
1938,99.74,55.12,54.67,0.0
1939,875.7,72.48,34.07,0.0
1940,294.62,106.03,58.65,0.0
1941,250.89,199.74,65.6,0.0
1942,887.28,292.78,0.0,199.0
1943,106.78,280.66,0.0,142.82
1944,169.68,212.83,51.56,0.0
1945,221.63,235.42,0.0,0.0
1946,535.01,227.97,35.6,74.33
1947,348.83,221.74,0.0,0.0
1948,336.46,253.1,34.93,30.85
1949,387.29,134.97,57.22,0.0
1950,313.13,105.28,0.0,0.0
1951,174.49,136.91,30.47,0.0
1952,557.48,62.15,0.0,0.0
1953,1115.79,291.76,68.36,0.0
1954,156.84,234.88,47.56,0.0
1955,608.31,103.36,61.47,0.0
1956,77.85,113.95,43.56,0.0
1957,215.53,298.15,20.14,0.0
1958,198.96,242.03,26.47,0.0
1959,215.71,156.41,65.55,0.0
1960,124.77,101.66,44.86,0.0
1961,176.57,60.11,74.06,0.0
1962,504.61,217.33,0.0,0.0
1963,814.06,244.99,25.82,0.0
1964,1418.29,76.94,0.0,0.0
1965,790.03,50.6,60.4,0.0
1966,200.53,139.36,71.57,0.0
1967,445.01,216.86,33.64,146.8
1968,506.9,280.95,32.74,0.0
1969,317.08,269.88,62.5,0.0
1970,273.38,222.13,35.69,0.0
1971,79.84,253.51,22.58,0.0
1972,286.61,138.97,0.0,0.0
1973,87.35,111.28,64.22,0.0
1974,162.99,81.05,47.6,0.0
1975,229.31,95.41,35.2,0.0
1976,82.31,290.73,76.94,0.0
1977,207.31,282.49,30.99,0.0
1978,111.02,61.73,61.71,0.0
1979,782.27,167.49,30.3,0.0
1980,444.21,143.33,27.05,0.0
1981,271.69,212.95,71.73,0.0
1982,214.06,132.1,50.85,70.69
1983,618.5,120.15,0.0,178.31
1984,234.44,252.29,22.84,0.0
1985,70.38,286.78,73.66,0.0
1986,141.42,100.7,0.0,0.0
1987,359.57,108.82,0.0,0.0
1988,165.88,154.78,41.2,30.97
1989,753.61,226.58,0.0,113.8
1990,86.43,91.77,0.0,0.0
1991,502.66,166.98,50.22,0.0
1992,371.97,260.21,46.13,0.0
1993,608.7,108.52,32.96,0.0
1994,186.69,61.92,67.51,0.0
1995,114.54,276.71,78.42,0.0
1996,199.87,246.88,56.53,0.0
1997,410.18,224.7,49.59,0.0
1998,639.31,71.83,0.0,35.08
1999,181.88,274.83,40.74,0.0
2000,844.86,126.32,39.56,147.18
2001,150.97,102.87,0.0,0.0
2002,225.5,171.87,37.0,115.38
2003,240.49,280.7,0.0,0.0
2004,386.82,298.64,69.99,0.0
2005,768.43,203.53,26.79,89.39
2006,175.4,288.88,50.68,0.0
2007,134.28,163.33,63.07,0.0
2008,601.45,57.42,32.81,117.43
2009,251.84,118.91,73.45,0.0
2010,837.93,125.46,69.36,0.0
2011,168.09,245.68,0.0,0.0
2012,104.5,81.06,42.38,0.0
2013,392.66,93.73,0.0,0.0
2014,130.47,203.57,26.68,0.0
2015,1156.5,82.65,0.0,0.0
2016,1836.4,173.88,37.05,0.0
2017,512.52,58.77,63.33,0.0
2018,154.19,217.22,34.36,57.53
2019,144.62,277.09,0.0,0.0
2020,255.2,268.72,41.19,173.76
2021,179.57,68.4,0.0,0.0
2022,392.14,197.75,20.57,0.0
2023,328.81,75.96,0.0,0.0
2024,139.33,63.38,79.36,0.0
2025,1336.65,202.6,51.49,0.0
2026,781.78,193.11,0.0,155.19
2027,1653.46,73.46,47.76,0.0
2028,81.36,139.96,0.0,0.0
2029,406.78,129.16,40.03,183.31
2030,438.82,135.62,50.78,0.0
2031,393.52,133.3,33.97,0.0
2032,385.85,256.16,37.92,123.67
2033,179.19,138.4,67.89,0.0
2034,342.25,132.61,36.35,0.0
2035,142.81,57.4,0.0,0.0
2036,621.17,247.6,0.0,152.15
2037,137.32,214.97,0.0,0.0
2038,674.15,135.36,0.0,61.8
2039,171.0,162.96,0.0,0.0
2040,219.9,248.52,0.0,0.0
2041,811.1,136.05,21.98,0.0
2042,1365.81,168.34,41.88,0.0
2043,97.49,54.95,65.42,73.22
2044,186.51,279.58,63.08,0.0
2045,227.04,142.81,39.73,0.0
2046,104.23,124.11,56.16,0.0
2047,340.39,202.28,0.0,0.0
2048,246.16,181.67,0.0,0.0
2049,273.18,150.23,58.5,0.0
2050,596.73,280.59,37.99,173.04
2051,642.66,140.75,0.0,174.51
2052,134.84,299.59,0.0,0.0
2053,434.59,247.28,41.19,0.0
2054,404.53,275.83,66.95,0.0
2055,443.52,120.69,0.0,0.0
2056,412.6,67.56,0.0,91.19
2057,448.26,154.8,55.35,0.0
2058,155.06,128.35,0.0,0.0
2059,521.42,65.17,0.0,0.0
2060,327.39,67.87,0.0,0.0
2061,161.33,93.57,0.0,0.0
2062,160.7,144.45,38.78,143.93
2063,154.17,283.81,30.41,33.14
2064,377.59,214.44,72.19,0.0
2065,115.19,149.6,0.0,0.0
2066,420.28,249.85,28.86,0.0
2067,320.04,192.12,0.0,0.0
2068,374.51,154.36,58.06,165.48
2069,112.35,86.09,34.02,0.0
2070,526.37,281.76,49.26,0.0
2071,362.28,205.97,30.09,39.64
2072,466.04,159.81,57.45,0.0
2073,445.08,159.57,74.56,0.0
2074,235.27,241.26,46.3,0.0
2075,359.72,94.86,61.09,0.0
2076,136.98,154.39,24.42,0.0
2077,524.12,65.75,78.84,196.29
2078,158.65,69.98,0.0,0.0
2079,125.62,181.57,0.0,0.0
2080,103.08,145.2,71.59,0.0
2081,269.25,229.88,0.0,0.0
2082,154.9,296.68,27.34,0.0
2083,1124.89,264.86,44.12,0.0
2084,235.02,160.47,31.88,43.17
2085,81.44,144.46,66.28,0.0
2086,448.41,196.27,0.0,0.0
2087,350.63,72.91,62.19,0.0
2088,326.43,296.92,0.0,0.0
2089,393.11,295.25,75.27,0.0
2090,708.26,280.74,74.03,171.93
2091,308.1,215.55,0.0,0.0
2092,75.24,175.78,46.37,0.0
2093,167.53,226.67,44.12,0.0
2094,123.79,128.6,0.0,0.0
2095,157.17,263.06,0.0,0.0
2096,287.94,83.65,75.59,0.0
2097,646.0,250.87,55.74,0.0
2098,425.53,266.87,24.34,0.0
2099,580.79,92.54,0.0,0.0
2100,291.81,169.64,0.0,0.0
2101,112.94,272.91,50.83,0.0
2102,104.18,289.82,72.51,0.0
2103,521.43,252.84,0.0,0.0
2104,832.8,285.23,73.45,155.64
2105,631.39,284.25,47.47,0.0
2106,473.8,294.93,33.43,0.0
2107,293.53,153.35,0.0,70.74
2108,347.75,121.74,0.0,0.0
2109,532.87,208.24,65.44,0.0
2110,192.29,97.21,67.22,0.0
2111,144.92,189.25,42.64,92.9
2112,150.38,194.82,28.5,0.0
2113,123.23,251.61,21.34,82.13
2114,658.73,140.45,25.47,0.0
2115,389.89,200.46,0.0,0.0
2116,84.62,275.82,0.0,0.0
2117,375.36,155.44,0.0,148.79
2118,429.32,192.93,50.42,0.0
2119,442.41,246.84,0.0,0.0
2120,536.38,112.41,0.0,0.0
2121,628.67,75.84,48.62,60.94
2122,482.26,220.45,63.58,0.0
2123,328.93,142.62,22.5,0.0
2124,564.67,145.4,67.48,50.57
2125,66.38,282.52,44.2,0.0
2126,195.05,151.97,79.97,0.0
2127,144.14,288.42,69.15,0.0
2128,368.82,76.59,77.84,0.0
2129,663.09,135.74,28.73,0.0
2130,773.28,223.24,20.91,156.23
2131,535.2,81.5,49.77,0.0
2132,126.26,146.76,0.0,0.0
2133,179.48,262.94,59.61,0.0
2134,1054.56,240.44,0.0,0.0
2135,362.06,120.53,39.32,0.0
2136,339.05,139.11,0.0,0.0
2137,156.58,176.27,48.21,0.0
2138,129.76,232.82,0.0,0.0
2139,1397.65,87.97,79.8,0.0
2140,131.31,181.91,74.84,0.0
2141,215.57,68.34,43.86,0.0
2142,529.6,149.45,0.0,0.0
2143,344.38,97.75,0.0,0.0
2144,343.11,127.26,71.9,0.0
2145,378.54,132.87,0.0,151.01
2146,1164.95,242.53,23.33,0.0
2147,124.07,116.29,69.88,0.0
2148,222.08,215.94,54.33,0.0
2149,626.39,183.32,59.7,0.0
2150,179.12,251.06,0.0,0.0
2151,292.09,130.39,0.0,0.0
2152,391.55,298.66,69.82,0.0
2153,1237.97,123.94,0.0,0.0
2154,108.04,194.89,0.0,0.0
2155,241.92,208.05,0.0,0.0
2156,225.12,184.54,0.0,0.0
2157,120.39,264.71,20.23,46.59
2158,503.81,78.24,0.0,0.0
2159,448.71,199.32,29.91,163.16
2160,427.7,176.58,64.27,0.0
2161,399.67,154.3,59.66,0.0
2162,150.12,136.56,28.84,0.0
2163,195.71,88.22,27.96,0.0
2164,317.68,212.49,58.51,0.0
2165,718.84,79.43,59.6,155.27
2166,194.7,257.32,0.0,0.0
2167,435.28,161.93,0.0,0.0
2168,164.73,201.35,0.0,0.0
2169,176.3,69.45,0.0,0.0
2170,288.49,73.35,66.13,0.0
2171,418.88,108.98,0.0,0.0
2172,439.4,244.94,0.0,0.0
2173,754.6,171.46,36.38,0.0
2174,414.84,127.71,38.4,0.0
2175,268.76,262.37,0.0,0.0
2176,475.74,97.98,0.0,0.0
2177,525.6,114.87,71.59,0.0
2178,240.34,244.18,0.0,122.78
2179,154.01,56.76,0.0,0.0
2180,768.84,105.08,57.65,0.0
2181,422.26,180.33,0.0,83.33
2182,228.48,278.76,55.13,0.0
2183,175.17,116.47,72.84,0.0
2184,450.04,103.27,0.0,0.0
2185,209.56,293.73,40.98,0.0
2186,219.32,181.13,39.05,0.0
2187,337.39,65.63,0.0,0.0
2188,713.05,119.12,32.16,0.0
2189,504.15,183.42,0.0,124.81
2190,399.78,68.0,79.2,128.82
2191,127.16,223.14,28.0,0.0
2192,205.41,180.62,0.0,0.0
2193,197.16,227.43,27.01,0.0
2194,490.12,135.44,48.32,74.42
2195,368.85,154.99,48.68,185.55
2196,284.89,282.03,0.0,0.0
2197,348.6,102.67,0.0,56.12
2198,588.19,59.88,38.68,107.4
2199,246.51,295.55,20.17,64.87
2200,335.31,51.85,0.0,0.0
2201,432.66,272.06,0.0,0.0
2202,405.42,256.49,44.16,0.0
2203,253.69,171.91,76.93,0.0
2204,695.15,226.34,0.0,0.0
2205,244.64,76.27,78.22,145.06
2206,107.11,240.92,25.04,0.0
2207,606.68,245.94,67.44,170.53
2208,343.25,62.84,0.0,0.0
2209,150.89,174.31,79.0,0.0
2210,193.49,287.04,60.73,0.0
2211,227.03,287.79,0.0,108.44
2212,178.52,296.13,52.81,0.0
2213,303.65,214.17,0.0,0.0
2214,126.43,85.28,26.6,0.0
2215,189.97,153.22,22.82,0.0
2216,146.26,231.73,0.0,0.0
2217,163.54,120.96,74.62,0.0
2218,186.69,252.54,0.0,64.4
2219,884.6,265.34,47.55,0.0
2220,73.81,240.89,0.0,0.0
2221,579.48,135.53,39.39,0.0
2222,181.99,235.37,0.0,0.0
2223,281.46,68.07,0.0,0.0
2224,424.66,133.8,41.8,185.78
2225,124.98,241.4,75.38,57.36
2226,1082.9,248.71,67.74,0.0
2227,166.73,129.69,49.68,0.0
2228,175.84,290.08,24.88,0.0
2229,312.89,118.32,77.34,0.0
2230,887.19,215.0,53.35,166.47
2231,397.28,269.74,0.0,0.0
2232,403.22,187.85,24.15,0.0
2233,362.26,153.12,0.0,0.0
2234,422.96,102.85,0.0,0.0
2235,159.63,99.11,52.2,0.0
2236,423.13,89.73,0.0,73.68
2237,190.36,160.76,36.23,0.0
2238,539.96,186.98,27.17,0.0
2239,987.71,259.76,42.22,0.0
2240,1047.34,104.34,0.0,56.48
2241,778.59,238.8,76.09,0.0
2242,137.77,223.53,0.0,0.0
2243,503.98,208.63,0.0,108.6
2244,286.26,134.84,45.62,0.0
2245,276.09,129.5,42.64,153.31
2246,389.58,239.73,0.0,91.77
2247,284.53,118.63,0.0,0.0
2248,494.8,132.43,0.0,0.0
2249,154.4,291.3,32.6,0.0
2250,162.55,299.62,0.0,0.0
2251,216.71,50.43,0.0,0.0
2252,127.73,221.69,63.18,0.0
2253,219.04,183.88,73.21,0.0
2254,103.23,165.04,33.8,0.0
2255,892.34,118.91,73.89,117.84
2256,454.27,176.79,0.0,0.0
2257,382.61,164.14,34.44,0.0
2258,277.47,150.33,43.1,0.0
2259,540.24,262.45,24.04,87.06
2260,651.81,117.66,0.0,0.0
2261,380.43,199.37,0.0,116.28
2262,411.98,266.05,0.0,0.0
2263,118.38,294.75,41.9,0.0
2264,365.57,200.69,53.49,121.99
2265,189.57,180.01,0.0,0.0
2266,252.23,260.13,43.35,0.0
2267,225.68,97.11,0.0,0.0
2268,80.86,207.5,0.0,0.0
2269,364.41,66.04,0.0,0.0
2270,670.11,215.0,29.93,0.0
2271,282.45,248.95,38.22,0.0
2272,558.43,65.75,37.37,0.0
2273,164.92,262.11,22.96,0.0
2274,1100.31,80.84,49.79,0.0
2275,165.48,93.96,60.45,0.0
2276,725.25,259.1,58.88,0.0
2277,361.19,81.18,0.0,0.0
2278,570.04,218.46,36.33,0.0
2279,210.07,123.7,42.15,0.0
2280,661.58,112.09,0.0,0.0
2281,161.66,212.54,0.0,0.0
2282,469.75,76.69,0.0,55.5
2283,344.62,193.66,0.0,0.0
2284,169.51,281.13,0.0,0.0
2285,389.74,262.85,34.92,0.0
2286,1114.49,262.78,23.01,53.49
2287,166.27,125.73,0.0,0.0
2288,144.25,225.32,23.14,0.0
2289,317.57,245.03,78.17,0.0
2290,621.13,275.35,0.0,0.0
2291,223.55,116.03,0.0,0.0
2292,568.39,240.22,0.0,0.0
2293,384.93,108.07,0.0,188.81
2294,149.76,56.95,39.49,0.0
2295,214.06,170.46,67.1,0.0
2296,358.93,241.47,0.0,0.0
2297,662.75,103.59,38.09,133.75
2298,164.86,62.15,35.39,128.43
2299,617.31,143.45,34.05,84.15
2300,548.7,100.72,66.54,0.0
2301,1147.85,145.52,39.87,0.0
2302,152.46,280.21,67.3,0.0
2303,630.5,235.98,24.21,55.3
2304,356.46,143.24,37.15,101.64
2305,107.41,131.26,21.48,0.0
2306,1096.78,280.3,0.0,0.0
2307,330.88,272.21,73.79,0.0
2308,120.53,201.02,79.29,0.0
2309,143.39,139.4,0.0,0.0
2310,451.73,248.08,0.0,0.0
2311,361.64,215.93,0.0,0.0
2312,655.45,191.17,57.99,0.0
2313,614.59,234.64,0.0,100.37
2314,712.64,83.62,23.17,0.0
2315,219.4,282.54,0.0,0.0
2316,215.44,293.23,0.0,0.0
2317,479.45,138.61,0.0,135.74
2318,265.23,286.7,0.0,0.0
2319,608.81,248.96,64.24,112.2
2320,184.99,285.26,75.84,62.18
2321,312.43,279.36,0.0,0.0
2322,262.78,100.23,0.0,0.0
2323,377.06,115.01,52.42,188.03
2324,749.34,115.15,53.4,0.0
2325,109.49,73.57,79.21,0.0
2326,169.95,149.42,0.0,0.0
2327,215.76,140.66,58.86,0.0
2328,119.83,135.99,0.0,0.0
2329,100.9,137.24,62.45,0.0
2330,390.52,65.52,0.0,124.48
2331,854.36,96.49,0.0,152.8
2332,112.51,123.98,0.0,0.0
2333,594.9,272.24,52.78,0.0
2334,198.33,281.63,35.94,0.0
2335,77.43,121.3,75.96,0.0
2336,165.69,223.54,39.04,0.0
2337,515.79,262.66,0.0,0.0
2338,390.09,176.54,72.81,190.06
2339,151.87,238.89,49.91,0.0
2340,265.65,293.97,58.79,97.46
2341,172.88,90.55,0.0,0.0
2342,302.32,67.6,62.23,0.0
2343,488.31,210.01,0.0,0.0
2344,215.15,177.12,78.54,0.0
2345,743.87,124.15,64.99,0.0
2346,85.89,279.15,0.0,0.0
2347,157.65,261.46,53.17,0.0
2348,120.51,116.1,51.72,0.0
2349,140.41,243.55,0.0,0.0
2350,209.02,257.1,55.63,0.0
2351,350.99,131.33,0.0,0.0
2352,97.33,74.79,46.87,0.0
2353,207.95,262.6,62.0,0.0
2354,470.64,74.2,0.0,0.0
2355,300.46,169.65,22.62,0.0
2356,423.18,98.59,54.42,0.0
2357,212.14,281.87,41.6,0.0
2358,290.37,76.78,0.0,0.0
2359,268.15,79.23,67.94,76.56
2360,503.23,225.43,67.22,125.99
2361,586.21,101.39,0.0,84.22
2362,871.7,83.09,69.72,178.01
2363,124.22,92.05,0.0,0.0
2364,375.48,198.97,52.7,0.0
2365,316.87,105.66,52.44,0.0
2366,323.3,144.31,73.33,85.93
2367,147.67,262.43,37.94,0.0
2368,877.79,93.92,61.64,0.0
2369,280.93,256.57,0.0,0.0
2370,453.09,243.85,29.73,0.0
2371,425.41,257.79,0.0,0.0
2372,139.17,136.75,71.72,0.0
2373,715.61,168.09,0.0,0.0
2374,953.53,226.75,0.0,98.05
2375,380.8,59.36,0.0,0.0
2376,176.86,215.94,50.24,0.0
2377,167.67,80.02,24.66,0.0
2378,302.67,122.02,46.63,0.0
2379,521.77,252.45,73.0,145.49
2380,151.98,208.85,65.51,0.0
2381,185.59,205.46,21.81,0.0
2382,182.07,106.73,0.0,0.0
2383,600.21,216.97,65.95,0.0
2384,129.76,82.93,47.18,0.0
2385,580.39,291.2,39.72,131.41
2386,596.15,113.17,0.0,0.0
2387,239.27,256.69,0.0,0.0
2388,346.17,280.04,54.48,0.0
2389,156.52,92.95,66.53,0.0
2390,299.09,52.44,0.0,0.0
2391,100.28,268.57,0.0,0.0
2392,134.52,241.0,58.08,0.0
2393,375.69,88.57,79.47,0.0
2394,204.49,257.59,0.0,0.0
2395,162.17,252.62,0.0,0.0
2396,286.19,165.32,59.17,0.0
2397,413.72,286.71,0.0,0.0
2398,763.47,195.53,71.91,0.0
2399,658.99,160.72,0.0,0.0
2400,217.41,53.31,0.0,0.0
2401,319.43,288.19,79.43,148.72
2402,218.6,82.09,0.0,0.0
2403,83.1,124.05,0.0,0.0
2404,201.33,232.36,61.66,0.0
2405,183.46,51.34,0.0,0.0
2406,520.26,185.65,23.87,0.0
2407,441.18,89.73,0.0,0.0
2408,479.45,55.63,0.0,154.64
2409,227.45,210.42,0.0,0.0
2410,409.48,200.74,0.0,0.0
2411,139.33,233.57,78.12,0.0
2412,180.38,204.56,63.63,0.0
2413,872.17,160.5,27.34,114.19
2414,67.22,169.66,0.0,0.0
2415,129.35,105.03,25.51,0.0
2416,232.84,70.93,65.9,0.0
2417,601.47,265.21,33.41,0.0
2418,193.19,222.83,38.53,0.0
2419,407.9,80.73,39.08,0.0
2420,176.86,116.06,70.53,75.18
2421,231.95,265.81,20.11,0.0
2422,126.55,289.96,70.51,0.0
2423,508.79,247.79,64.39,0.0
2424,386.46,192.49,28.78,0.0
2425,153.81,267.29,63.22,0.0
2426,180.05,206.7,0.0,0.0
2427,411.3,224.85,65.4,0.0
2428,134.74,256.74,59.49,0.0
2429,586.72,138.5,74.89,140.89
2430,379.94,246.13,52.5,0.0
2431,271.46,101.74,69.88,0.0
2432,400.29,98.56,71.62,0.0
2433,78.75,252.83,54.96,0.0
2434,262.19,190.95,42.22,119.31
2435,324.48,153.47,27.44,0.0
2436,391.76,180.86,0.0,0.0
2437,312.65,294.48,61.24,165.79
2438,384.16,273.54,0.0,0.0
2439,976.44,176.89,0.0,0.0
2440,150.38,186.8,52.52,0.0
2441,97.59,203.56,0.0,0.0
2442,787.52,247.71,0.0,0.0
2443,564.26,268.45,0.0,0.0
2444,787.62,86.63,35.07,0.0
2445,931.09,207.05,0.0,0.0
2446,947.78,106.8,0.0,0.0
2447,238.65,205.44,25.21,0.0
2448,223.17,92.83,0.0,0.0
2449,200.46,251.99,20.71,0.0
2450,246.48,215.23,27.94,0.0
2451,351.39,266.5,0.0,78.67
2452,314.05,286.11,0.0,0.0
2453,281.03,283.48,51.91,0.0
2454,707.13,86.29,0.0,0.0
2455,105.58,144.21,0.0,58.1
2456,883.78,170.77,24.73,0.0
2457,496.37,247.24,0.0,0.0
2458,226.57,53.7,55.64,184.72
2459,318.8,281.36,57.79,0.0
2460,437.76,151.81,22.39,0.0
2461,199.42,207.78,50.9,0.0
2462,158.56,295.15,36.77,0.0
2463,317.52,270.66,0.0,109.64
2464,273.84,140.55,27.61,0.0
2465,101.0,171.13,0.0,30.75
2466,175.04,242.49,38.55,117.35
2467,801.53,235.89,46.38,0.0
2468,169.3,226.2,33.37,51.63
2469,239.84,52.67,0.0,0.0
2470,429.28,99.75,36.5,116.82
2471,449.63,105.42,74.72,0.0
2472,161.62,112.65,0.0,0.0
2473,393.1,74.05,73.89,0.0
2474,397.31,251.65,43.84,0.0
2475,873.59,135.32,47.74,131.42
2476,438.21,243.9,67.49,0.0
2477,200.85,282.88,0.0,149.06
2478,184.66,128.26,0.0,0.0
2479,100.85,163.44,45.82,0.0
2480,349.57,71.88,23.78,0.0
2481,215.13,123.71,65.68,0.0
2482,200.78,186.56,49.23,0.0
2483,438.09,95.05,0.0,0.0
2484,92.05,184.25,51.06,0.0
2485,361.16,128.22,79.91,35.78
2486,348.42,297.51,0.0,0.0
2487,309.41,143.93,29.43,0.0
2488,962.03,59.76,31.81,158.21
2489,416.7,168.24,25.39,0.0
2490,345.48,133.51,78.5,0.0
2491,662.73,142.51,0.0,91.74
2492,844.23,142.63,66.98,0.0
2493,166.0,270.29,0.0,0.0
2494,352.97,174.57,0.0,0.0
2495,885.78,113.21,36.16,145.38
2496,1290.16,248.13,0.0,0.0
2497,208.1,160.86,0.0,0.0
2498,654.06,86.34,33.45,0.0
2499,219.78,299.62,0.0,0.0
2500,383.92,56.84,0.0,0.0
2501,244.05,227.31,79.23,0.0
2502,115.08,261.89,40.97,0.0
2503,181.8,138.45,23.33,0.0
2504,685.24,89.34,53.9,0.0
2505,1107.45,159.14,0.0,0.0
2506,294.95,170.62,52.75,0.0
2507,244.77,299.93,79.36,0.0
2508,95.75,54.87,42.17,0.0
2509,881.25,213.97,74.85,0.0
2510,123.02,251.11,55.27,0.0
2511,115.08,204.48,25.94,0.0
2512,59.05,207.48,0.0,0.0
2513,127.36,268.83,31.94,0.0
2514,193.44,191.29,78.09,125.94
2515,442.3,270.4,78.21,0.0
2516,434.6,102.55,0.0,0.0
2517,510.48,179.03,68.88,0.0
2518,232.48,58.4,0.0,0.0
2519,168.08,250.87,66.46,0.0
2520,102.62,244.32,63.3,0.0
2521,799.49,184.76,37.08,0.0
2522,200.82,148.96,0.0,0.0
2523,442.25,142.53,0.0,85.5
2524,641.73,100.28,28.86,119.37
2525,150.21,156.97,43.95,0.0
2526,553.47,125.98,0.0,0.0
2527,133.73,194.42,64.2,92.89
2528,117.95,246.62,24.03,0.0
2529,206.01,223.53,0.0,86.36
2530,95.52,178.49,0.0,0.0
2531,477.96,287.15,62.12,0.0
2532,214.58,99.33,0.0,51.2
2533,899.7,209.99,34.99,0.0
2534,84.73,72.01,0.0,0.0
2535,93.24,218.25,0.0,0.0
2536,647.73,231.33,0.0,0.0
2537,389.63,245.65,0.0,0.0
2538,193.92,215.94,44.88,52.34
2539,429.25,80.66,29.31,0.0
2540,193.16,61.07,0.0,0.0
2541,216.61,228.57,25.44,0.0
2542,552.96,249.56,79.6,0.0
2543,221.49,58.16,43.83,0.0
2544,125.94,87.48,31.98,0.0
2545,152.4,247.57,0.0,0.0
2546,506.47,291.96,33.76,0.0
2547,142.01,180.13,41.65,0.0
2548,78.1,88.33,37.08,0.0
2549,393.02,130.32,25.29,55.67
2550,578.34,245.36,52.48,0.0
2551,116.01,185.81,31.3,0.0
2552,486.65,64.45,0.0,128.0
2553,222.81,127.1,36.22,69.48
2554,294.99,238.2,63.66,0.0
2555,519.82,131.45,31.31,0.0
2556,384.0,158.08,61.79,0.0
2557,204.41,276.26,59.79,0.0
2558,90.23,296.16,28.11,92.02
2559,626.3,239.3,0.0,0.0
2560,419.72,110.03,52.79,0.0
2561,259.99,110.79,0.0,62.27
2562,402.08,126.07,20.85,0.0
2563,1109.41,90.14,0.0,57.08
2564,607.96,94.71,58.0,149.23
2565,814.21,114.0,0.0,0.0
2566,449.1,214.97,79.56,53.86
2567,375.11,203.12,77.54,60.14
2568,987.84,135.23,51.86,0.0
2569,220.63,99.17,0.0,0.0
2570,239.93,206.01,36.51,0.0
2571,514.89,82.72,77.93,0.0
2572,101.5,86.56,27.26,0.0
2573,353.98,145.84,0.0,0.0
2574,802.67,191.84,55.39,0.0
2575,604.71,232.07,56.78,0.0
2576,590.37,221.75,78.53,0.0
2577,121.73,144.61,77.47,0.0
2578,677.94,213.66,31.4,115.46
2579,689.37,102.84,73.51,0.0
2580,499.63,173.44,24.53,0.0
2581,108.59,203.82,79.11,0.0
2582,397.7,236.1,21.2,0.0
2583,317.34,69.9,43.02,0.0
2584,1292.43,75.29,72.49,0.0
2585,160.0,68.46,29.25,0.0
2586,388.77,186.62,0.0,0.0
2587,166.15,192.51,61.35,0.0
2588,153.01,52.75,78.7,0.0
2589,402.27,214.18,0.0,0.0
2590,239.37,240.83,20.88,53.63
2591,894.2,79.15,38.84,117.64
2592,462.31,134.33,40.3,0.0
2593,820.75,262.49,0.0,84.02
2594,496.76,221.8,23.44,98.44
2595,241.54,126.16,28.35,0.0
2596,321.48,235.56,48.35,0.0
2597,276.29,271.82,0.0,0.0
2598,258.45,127.33,65.26,0.0
2599,735.13,221.07,60.29,0.0
2600,162.04,73.35,70.03,0.0
2601,600.82,64.67,0.0,0.0
2602,130.48,196.56,74.57,0.0
2603,705.66,173.11,73.74,0.0
2604,293.19,252.52,37.27,0.0
2605,238.04,245.07,0.0,0.0
2606,216.55,121.67,62.11,0.0
2607,199.51,178.07,0.0,0.0
2608,192.6,238.94,0.0,0.0
2609,724.43,117.74,0.0,0.0
2610,225.84,140.49,59.5,95.75
2611,539.33,64.97,33.56,0.0
2612,214.52,82.62,34.26,0.0
2613,806.68,202.56,21.37,130.82
2614,446.67,174.19,62.69,0.0
2615,559.13,92.15,73.75,102.4
2616,412.39,51.82,29.39,0.0
2617,253.05,92.26,63.6,0.0
2618,834.91,237.41,0.0,76.77
2619,116.33,73.42,39.62,0.0
2620,394.39,150.61,0.0,0.0
2621,339.81,109.7,47.49,0.0
2622,299.71,187.35,47.41,0.0
2623,855.53,177.89,67.92,0.0
2624,203.19,295.74,0.0,0.0
2625,485.96,243.22,37.36,0.0
2626,96.77,284.58,0.0,0.0
2627,353.29,194.49,0.0,0.0
2628,144.76,234.45,0.0,0.0
2629,370.06,273.77,64.42,0.0
2630,1017.08,60.27,0.0,0.0
2631,250.42,278.86,0.0,0.0
2632,215.73,102.94,0.0,0.0
2633,1152.48,226.25,34.56,0.0
2634,219.19,243.34,66.01,0.0
2635,209.56,77.33,71.88,0.0
2636,337.69,288.27,64.22,0.0
2637,171.82,281.64,67.95,0.0
2638,211.82,213.64,79.36,0.0
2639,242.73,88.83,0.0,0.0
2640,253.47,191.51,0.0,0.0
2641,333.79,136.04,62.18,0.0
2642,180.87,282.69,39.39,0.0
2643,312.07,151.66,0.0,0.0
2644,217.48,223.44,30.91,0.0
2645,329.89,209.25,57.76,0.0
2646,461.36,117.75,53.52,75.79
2647,459.53,183.87,43.8,0.0
2648,331.84,152.5,39.33,0.0
2649,463.5,143.66,34.61,0.0
2650,380.56,266.0,45.98,0.0
2651,217.39,84.94,77.66,0.0
2652,101.61,152.6,47.72,0.0
2653,389.57,51.69,47.65,0.0
2654,327.43,115.47,71.41,0.0
2655,284.38,205.44,36.8,0.0
2656,110.18,71.88,0.0,0.0
2657,441.19,117.8,0.0,0.0
2658,696.3,270.06,0.0,0.0
2659,374.08,222.96,73.94,51.72
2660,332.26,67.57,0.0,0.0
2661,639.03,298.09,23.76,0.0
2662,566.31,286.29,0.0,0.0
2663,395.66,85.42,51.43,79.19
2664,222.74,280.47,54.09,0.0
2665,766.48,187.49,52.04,0.0
2666,379.83,282.35,0.0,0.0
2667,178.1,292.01,73.08,0.0
2668,482.01,223.39,61.25,0.0
2669,429.83,122.82,37.81,0.0
2670,633.01,281.16,26.17,158.63
2671,581.74,193.37,43.22,0.0
2672,125.43,135.39,49.74,0.0
2673,91.09,165.01,64.12,0.0
2674,123.21,151.55,60.63,0.0
2675,375.59,283.82,0.0,0.0
2676,166.65,254.96,53.21,0.0
2677,542.51,57.84,0.0,91.94
2678,90.8,52.46,29.79,0.0
2679,98.77,67.34,21.69,0.0
2680,77.89,202.6,0.0,0.0
2681,391.13,253.62,69.42,0.0
2682,1395.94,178.74,0.0,0.0
2683,359.72,183.68,0.0,0.0
2684,363.62,110.11,0.0,76.06
2685,633.27,164.82,31.32,0.0
2686,176.07,114.21,0.0,0.0
2687,221.42,118.5,0.0,0.0
2688,423.68,147.79,64.46,0.0
2689,336.72,61.89,21.65,71.95
2690,84.9,288.74,0.0,0.0
2691,160.99,278.57,72.07,39.7
2692,543.75,249.07,66.92,0.0
2693,205.02,192.13,72.47,0.0
2694,690.99,253.26,54.09,56.87
2695,91.04,293.53,23.96,0.0
2696,510.89,120.9,0.0,0.0
2697,202.64,141.07,62.85,0.0
2698,166.07,232.26,21.99,0.0
2699,1073.12,210.72,0.0,0.0
2700,375.24,256.2,34.94,0.0
2701,178.64,136.75,35.02,0.0
2702,86.73,127.64,32.05,0.0
2703,190.91,196.35,67.98,0.0
2704,150.96,86.46,0.0,0.0
2705,157.23,59.89,0.0,0.0
2706,304.74,111.03,42.99,0.0
2707,826.81,89.58,72.28,0.0
2708,609.01,51.67,49.48,0.0
2709,690.42,244.5,49.98,0.0
2710,133.49,185.8,53.87,115.74
2711,141.6,217.24,0.0,0.0
2712,131.17,90.76,0.0,0.0
2713,175.09,114.17,0.0,0.0
2714,287.98,65.03,0.0,0.0
2715,235.51,299.37,61.73,0.0
2716,568.71,75.77,21.45,0.0
2717,765.8,72.59,0.0,0.0
2718,359.69,203.54,26.93,0.0
2719,588.32,132.97,24.04,0.0
2720,215.92,271.89,60.64,43.12
2721,172.19,257.88,0.0,0.0
2722,159.71,267.04,0.0,0.0
2723,610.76,233.78,67.16,0.0
2724,353.29,82.95,74.38,154.76
2725,661.09,65.9,21.69,0.0
2726,871.7,66.16,0.0,83.35
2727,178.94,250.44,0.0,0.0
2728,205.52,214.28,39.07,0.0
2729,349.91,295.25,0.0,0.0
2730,1170.87,210.88,73.4,0.0
2731,886.95,112.32,60.35,0.0
2732,172.69,72.38,75.77,0.0
2733,217.76,141.4,52.37,0.0
2734,315.41,99.92,35.26,0.0
2735,495.02,207.1,50.15,0.0
2736,292.6,73.99,27.81,0.0
2737,84.54,243.13,0.0,0.0
2738,236.22,224.14,44.96,0.0
2739,421.54,234.09,70.55,0.0
2740,192.11,291.37,57.56,0.0
2741,152.33,212.64,72.17,0.0
2742,803.07,247.14,0.0,0.0
2743,440.49,71.33,37.82,130.22
2744,241.01,285.77,66.23,109.8
2745,1643.62,104.64,22.92,0.0
2746,185.32,173.26,77.33,149.46
2747,628.62,289.27,0.0,71.91
2748,250.89,94.84,51.0,0.0
2749,570.64,58.88,50.92,0.0
2750,279.45,124.27,43.43,87.99
2751,235.52,89.09,21.99,0.0
2752,178.82,217.01,20.78,0.0
2753,473.78,119.59,59.65,0.0
2754,438.03,65.71,52.03,79.44
2755,458.04,273.26,27.2,0.0
2756,486.45,62.37,57.09,0.0
2757,308.28,117.82,53.2,0.0
2758,550.92,110.07,71.97,0.0
2759,736.4,55.88,43.23,0.0
2760,372.87,91.31,0.0,0.0
2761,330.26,253.71,0.0,0.0
2762,323.13,59.38,31.8,0.0
2763,308.11,55.81,61.06,74.5
2764,269.34,208.51,0.0,158.04
2765,93.86,72.23,66.99,0.0
2766,115.49,142.89,53.64,0.0
2767,787.57,50.54,65.66,97.84
2768,868.72,140.59,35.14,168.42
2769,294.7,129.51,0.0,52.45
2770,377.09,203.18,0.0,0.0
2771,111.11,174.77,0.0,0.0
2772,874.2,219.63,49.06,0.0
2773,328.44,283.96,66.8,0.0
2774,279.83,248.79,52.44,0.0
2775,635.12,283.39,69.93,144.23
2776,210.59,63.56,0.0,0.0
2777,182.17,297.58,46.23,0.0
2778,340.79,130.51,36.01,76.44
2779,379.2,119.18,30.13,0.0
2780,100.47,150.88,53.68,0.0
2781,177.43,245.83,0.0,0.0
2782,497.14,288.57,62.12,0.0
2783,287.01,188.56,52.07,0.0
2784,118.43,88.6,0.0,146.77
2785,159.81,103.51,0.0,0.0
2786,304.5,151.34,0.0,162.73
2787,252.4,141.44,63.13,0.0
2788,173.59,109.57,39.39,0.0
2789,188.91,262.56,26.12,0.0
2790,254.82,120.03,0.0,0.0
2791,584.18,198.19,29.16,0.0
2792,186.36,169.83,27.78,0.0
2793,498.21,280.87,22.65,0.0
2794,755.91,207.23,20.75,0.0
2795,357.17,133.02,36.0,0.0
2796,147.77,209.67,0.0,0.0
2797,330.22,129.73,54.39,0.0
2798,291.8,72.72,52.86,57.08
2799,316.97,171.3,79.54,0.0
2800,76.59,265.05,72.76,0.0
2801,361.56,277.3,55.43,0.0
2802,392.8,185.94,0.0,0.0
2803,461.32,224.88,0.0,0.0
2804,141.23,202.67,22.16,0.0
2805,362.58,252.71,36.84,0.0
2806,431.98,75.81,25.53,0.0
2807,200.18,150.34,51.18,128.71
2808,241.42,113.27,0.0,0.0
2809,653.77,51.64,61.63,78.12
2810,263.69,257.48,0.0,0.0
2811,459.01,83.55,51.5,0.0
2812,196.14,130.84,42.51,0.0
2813,173.22,266.72,41.72,0.0
2814,297.84,230.33,64.63,131.93
2815,462.51,191.93,0.0,50.76
2816,164.51,127.57,0.0,0.0
2817,536.44,178.83,0.0,0.0
2818,301.14,64.06,0.0,0.0
2819,75.93,231.82,76.78,0.0
2820,330.61,109.33,71.85,0.0
2821,225.59,169.8,70.32,0.0
2822,685.67,73.62,0.0,98.55
2823,295.0,227.7,0.0,0.0
2824,182.78,273.96,0.0,0.0
2825,176.52,163.98,71.59,0.0
2826,152.07,70.81,50.76,73.15
2827,157.75,286.27,51.12,0.0
2828,587.95,161.76,0.0,138.74
2829,813.93,70.08,47.4,133.72
2830,320.77,97.11,0.0,0.0
2831,229.3,79.96,0.0,0.0
2832,718.93,99.38,23.13,89.19
2833,647.31,88.95,76.64,0.0
2834,597.24,280.72,0.0,183.57
2835,535.01,102.27,31.11,0.0
2836,639.04,160.49,76.97,0.0
2837,335.58,232.47,0.0,0.0
2838,150.0,219.24,57.78,0.0
2839,203.16,289.12,0.0,0.0
2840,289.1,291.51,58.18,96.09
2841,240.67,192.67,0.0,0.0
2842,287.3,238.08,0.0,0.0
2843,655.96,146.51,77.12,0.0
2844,251.68,157.31,32.51,0.0
2845,214.02,76.09,27.09,0.0
2846,663.25,218.35,0.0,0.0
2847,352.23,117.65,72.15,0.0
2848,192.63,69.97,0.0,0.0
2849,447.25,74.56,51.94,0.0
2850,461.33,230.59,0.0,0.0
2851,300.13,107.23,0.0,140.38
2852,640.8,242.5,39.3,0.0
2853,677.94,276.48,55.06,0.0
2854,991.2,135.21,0.0,0.0
2855,651.48,248.47,48.82,141.87
2856,288.31,157.19,0.0,163.13
2857,364.96,243.05,0.0,0.0
2858,568.76,126.68,58.75,149.72
2859,122.6,282.87,40.97,0.0
2860,413.07,296.8,40.75,0.0
2861,314.68,146.54,20.92,47.67
2862,242.75,99.73,0.0,0.0
2863,153.3,221.33,29.02,0.0
2864,512.02,195.9,50.84,85.57
2865,107.36,297.87,67.94,0.0
2866,331.61,252.9,0.0,0.0
2867,1588.79,258.78,31.16,0.0
2868,576.06,231.62,0.0,0.0
2869,107.97,137.7,0.0,0.0
2870,696.28,283.96,64.16,0.0
2871,122.04,166.42,27.11,0.0
2872,371.92,149.86,62.1,0.0
2873,390.42,98.56,0.0,0.0
2874,563.05,125.99,0.0,0.0
2875,276.21,50.56,0.0,0.0
2876,861.12,214.98,0.0,0.0
2877,414.32,201.37,23.35,0.0
2878,622.92,150.76,78.25,0.0
2879,359.58,291.78,66.31,0.0
2880,631.53,223.28,51.97,65.71
2881,806.9,110.68,68.52,144.82
2882,161.07,144.68,62.36,0.0
2883,432.41,178.95,69.12,0.0
2884,191.04,186.34,44.75,47.91
2885,308.69,118.91,61.26,0.0
2886,204.05,112.36,71.37,0.0
2887,398.39,124.86,0.0,151.12
2888,413.73,290.84,78.66,180.91
2889,401.94,139.88,0.0,0.0
2890,103.25,143.54,73.26,0.0
2891,290.76,230.06,61.37,108.69
2892,181.1,90.69,78.56,0.0
2893,418.38,210.79,33.97,0.0
2894,390.13,216.53,55.04,0.0
2895,177.66,66.13,64.41,0.0
2896,572.06,97.49,53.83,0.0
2897,127.21,166.62,32.54,0.0
2898,745.64,258.85,0.0,0.0
2899,385.94,233.09,0.0,197.42
2900,279.16,268.36,35.56,0.0
2901,229.94,262.75,36.35,0.0
2902,378.74,177.88,0.0,0.0
2903,517.53,205.57,29.07,0.0
2904,573.59,280.2,74.2,0.0
2905,625.01,235.27,0.0,149.19
2906,360.05,139.47,0.0,0.0
2907,179.89,137.59,0.0,0.0
2908,371.89,141.66,63.18,0.0
2909,1088.35,173.8,22.0,0.0
2910,334.05,140.62,0.0,0.0
2911,418.35,96.88,75.02,0.0
2912,754.79,198.73,0.0,140.89
2913,225.18,267.3,0.0,0.0
2914,226.84,173.14,0.0,0.0
2915,1942.93,104.79,67.87,0.0
2916,81.49,253.26,0.0,0.0
2917,934.7,238.94,39.86,0.0
2918,393.92,225.05,27.48,0.0
2919,300.48,218.68,0.0,0.0
2920,554.51,245.57,55.39,0.0
2921,441.61,257.57,66.12,0.0
2922,387.83,274.55,64.53,94.24
2923,313.36,202.48,0.0,0.0
2924,387.18,148.4,0.0,140.32
2925,386.12,72.47,67.22,0.0
2926,286.11,230.6,68.7,0.0
2927,410.89,85.3,34.52,0.0
2928,50.35,267.13,0.0,0.0
2929,184.67,151.47,47.18,0.0
2930,85.91,269.03,45.05,0.0
2931,471.6,179.62,0.0,127.3
2932,384.01,163.37,0.0,0.0
2933,285.99,140.89,0.0,0.0
2934,1539.47,65.34,0.0,0.0
2935,705.97,52.88,0.0,0.0
2936,349.4,177.17,0.0,0.0
2937,261.82,275.28,38.08,0.0
2938,312.06,196.53,0.0,0.0
2939,91.44,265.59,0.0,0.0
2940,207.64,299.94,0.0,0.0
2941,145.36,94.65,62.05,0.0
2942,359.03,214.89,32.09,0.0
2943,204.37,154.23,33.51,0.0
2944,357.62,102.2,49.55,184.16
2945,209.42,110.23,0.0,0.0
2946,211.17,111.16,0.0,0.0
2947,209.61,232.41,27.92,0.0
2948,112.31,138.75,51.13,0.0
2949,410.66,113.93,0.0,0.0
2950,374.21,271.49,75.99,0.0
2951,555.33,58.59,49.02,162.94
2952,239.45,233.9,0.0,0.0
2953,421.39,290.14,0.0,160.68
2954,448.2,206.41,36.5,0.0
2955,547.46,187.04,52.14,0.0
2956,465.96,65.36,34.83,0.0
2957,124.19,175.74,0.0,0.0
2958,314.8,140.35,65.39,105.96
2959,571.48,244.53,0.0,149.71
2960,331.85,252.94,0.0,0.0
2961,586.53,91.9,38.36,107.63
2962,93.13,180.56,70.74,0.0
2963,294.67,264.98,59.59,0.0
2964,100.06,206.13,21.78,0.0
2965,1574.34,170.24,65.4,0.0
2966,63.44,274.52,0.0,0.0
2967,277.17,291.62,0.0,0.0
2968,642.26,108.82,65.99,0.0
2969,410.18,95.7,40.98,0.0
2970,257.21,266.21,29.54,0.0
2971,1049.22,110.74,68.64,0.0
2972,80.38,261.96,54.49,0.0
2973,163.89,125.3,64.65,0.0
2974,108.9,54.8,29.84,0.0
2975,335.93,155.48,46.56,0.0
2976,233.95,60.09,37.33,0.0
2977,170.58,102.0,75.96,0.0
2978,413.18,169.84,0.0,0.0
2979,84.68,59.62,69.4,49.44
2980,173.31,58.3,0.0,0.0
2981,725.97,88.79,51.61,0.0
2982,83.2,165.69,0.0,108.03
2983,250.55,293.5,0.0,0.0
2984,409.89,73.35,0.0,0.0
2985,253.62,205.49,64.77,173.4
2986,154.26,174.27,64.77,0.0
2987,211.03,65.04,59.51,0.0
2988,574.02,58.54,0.0,0.0
2989,215.54,105.46,0.0,0.0
2990,224.49,221.19,26.84,129.99
2991,766.51,290.6,45.15,0.0
2992,87.14,189.02,0.0,0.0
2993,186.6,61.44,30.19,0.0
2994,264.16,114.49,33.86,132.35
2995,356.71,285.58,0.0,0.0
2996,341.42,53.13,44.78,54.47
2997,598.81,200.56,27.65,183.72
2998,95.43,94.73,74.59,63.44
2999,459.69,66.55,0.0,0.0
3000,592.97,113.61,0.0,0.0
3001,311.55,284.25,51.59,0.0
3002,446.85,240.44,43.51,0.0
3003,50.28,92.81,0.0,0.0
3004,202.8,66.43,26.58,0.0
3005,847.88,173.29,34.17,0.0
3006,467.76,63.17,67.65,0.0
3007,351.05,151.01,0.0,0.0
3008,192.86,250.06,0.0,0.0
3009,94.92,175.17,55.02,88.25
3010,185.69,274.21,33.27,0.0
3011,205.44,247.81,43.32,0.0
3012,344.54,188.82,76.31,79.1
3013,390.76,247.6,66.61,0.0
3014,654.35,73.72,65.78,0.0
3015,1026.18,100.34,43.42,0.0
3016,360.33,225.11,0.0,0.0
3017,230.94,51.43,0.0,0.0
3018,329.08,51.17,0.0,0.0
3019,278.56,145.09,0.0,0.0
3020,767.33,266.77,62.97,0.0
3021,303.45,295.21,29.76,0.0
3022,1495.81,212.46,52.98,0.0
3023,162.75,287.57,64.1,62.04
3024,457.9,261.92,23.94,0.0
3025,456.77,100.37,0.0,118.01
3026,307.11,150.99,73.73,0.0
3027,493.52,205.94,20.11,41.61
3028,402.26,87.83,0.0,39.51
3029,456.01,128.28,21.18,0.0
3030,225.94,239.1,75.87,115.23
3031,305.25,136.16,36.91,0.0
3032,1069.33,281.48,69.25,0.0
3033,193.35,151.69,60.3,0.0
3034,149.88,104.94,20.6,0.0
3035,971.09,102.53,0.0,106.45
3036,325.64,221.8,0.0,0.0
3037,109.79,142.04,0.0,98.27
3038,92.97,109.31,41.11,0.0
3039,98.84,223.47,0.0,0.0
3040,926.93,155.35,0.0,0.0
3041,723.76,261.5,50.87,101.7
3042,305.95,187.24,32.11,0.0
3043,744.14,293.04,0.0,0.0
3044,205.46,143.61,32.58,0.0
3045,313.23,120.53,0.0,0.0
3046,334.52,211.14,0.0,167.02
3047,1104.17,227.09,0.0,0.0
3048,51.27,54.24,61.71,0.0
3049,290.89,217.35,59.25,105.44
3050,270.94,95.26,0.0,62.7
3051,379.34,289.72,33.14,154.97
3052,300.79,194.0,0.0,0.0
3053,178.16,81.66,51.33,0.0
3054,338.63,63.18,0.0,0.0
3055,241.45,269.9,70.22,0.0
3056,159.41,262.66,61.51,0.0
3057,228.58,158.52,51.76,0.0
3058,387.82,71.87,69.89,0.0
3059,174.21,147.5,38.07,0.0
3060,167.47,240.13,50.38,0.0
3061,119.48,215.37,25.94,0.0
3062,154.11,266.29,0.0,0.0
3063,383.37,237.8,28.7,66.24
3064,518.64,132.53,41.47,0.0
3065,428.64,135.28,53.84,0.0
3066,499.15,211.94,45.94,114.0
3067,291.22,127.54,0.0,0.0
3068,382.55,266.92,78.73,0.0
3069,785.32,131.93,0.0,0.0
3070,233.03,172.23,36.44,143.53
3071,1097.85,60.81,48.13,96.94
3072,131.74,79.52,51.69,0.0
3073,160.26,82.97,47.8,0.0
3074,478.81,136.03,0.0,0.0
3075,517.31,79.16,67.19,0.0
3076,334.63,164.28,74.56,0.0
3077,279.7,117.29,69.9,0.0
3078,349.45,118.11,61.85,0.0
3079,759.46,161.38,26.53,0.0
3080,621.68,263.46,60.43,60.64
3081,430.62,240.43,0.0,0.0
3082,181.75,270.93,41.31,0.0
3083,175.62,297.54,51.46,0.0
3084,383.41,52.78,0.0,0.0
3085,376.7,223.13,28.81,0.0
3086,273.18,79.96,22.26,0.0
3087,244.04,284.21,50.85,0.0
3088,132.03,106.71,69.17,0.0
3089,265.75,137.49,0.0,0.0
3090,512.01,294.76,38.06,0.0
3091,399.72,266.8,0.0,0.0
3092,266.1,61.8,28.57,0.0
3093,894.42,61.72,0.0,86.51
3094,625.1,254.71,56.2,0.0
3095,126.87,67.59,0.0,0.0
3096,180.7,262.93,47.1,0.0
3097,254.29,281.16,79.96,0.0
3098,441.63,55.96,0.0,0.0
3099,629.08,105.0,33.72,0.0
3100,434.05,55.8,20.91,0.0
3101,225.46,68.21,39.47,0.0
3102,250.26,183.52,53.19,0.0
3103,676.33,232.54,76.46,0.0
3104,1256.44,169.87,0.0,0.0
3105,728.97,146.49,36.13,0.0
3106,673.97,101.68,0.0,0.0
3107,143.74,109.14,27.02,0.0
3108,179.51,195.6,62.83,0.0
3109,204.41,263.94,24.05,0.0
3110,787.2,151.14,25.2,0.0
3111,115.38,284.91,30.26,0.0
3112,1054.81,63.03,66.69,0.0
3113,232.06,257.3,0.0,83.27
3114,319.13,134.67,0.0,0.0
3115,482.53,267.19,0.0,0.0
3116,87.63,279.85,46.44,0.0
3117,747.17,225.1,52.09,0.0
3118,273.63,138.76,0.0,0.0
3119,438.25,164.23,0.0,0.0
3120,1054.82,187.94,45.92,126.1
3121,572.31,165.52,58.89,0.0
3122,597.93,247.79,71.05,0.0
3123,250.56,242.88,66.87,129.12
3124,775.7,53.16,61.66,0.0
3125,155.74,87.92,29.09,0.0
3126,111.25,140.89,73.21,125.07
3127,442.21,218.11,0.0,0.0
3128,496.41,107.42,27.79,0.0
3129,184.66,130.7,0.0,0.0
3130,302.5,165.52,41.03,0.0
3131,718.79,197.39,73.07,98.46
3132,662.23,275.45,0.0,0.0
3133,601.15,251.16,70.6,129.0
3134,880.47,139.8,65.29,0.0
3135,100.04,242.0,0.0,0.0
3136,562.91,258.16,0.0,0.0
3137,186.92,180.58,71.87,0.0
3138,421.88,124.01,79.73,0.0
3139,424.69,285.77,59.61,0.0
3140,94.83,290.56,0.0,0.0
3141,538.72,106.15,57.44,0.0
3142,428.26,246.27,0.0,0.0
3143,163.58,60.44,0.0,0.0
3144,112.53,50.6,25.92,0.0
3145,107.45,137.89,65.8,92.62
3146,336.67,165.63,0.0,0.0
3147,216.74,186.58,56.89,0.0
3148,391.41,144.57,46.47,0.0
3149,152.9,82.2,61.02,141.44
3150,371.66,136.2,61.44,0.0
3151,595.57,255.46,0.0,198.07
3152,452.31,133.93,0.0,0.0
3153,103.9,198.08,25.83,0.0
3154,584.83,220.22,0.0,0.0
3155,907.71,233.11,0.0,0.0
3156,701.03,172.0,68.13,0.0
3157,266.57,81.43,0.0,0.0
3158,209.55,275.13,34.07,0.0
3159,213.54,115.08,29.24,0.0
3160,158.61,134.74,34.04,0.0
3161,534.16,243.44,58.81,144.1
3162,425.41,240.88,64.11,0.0
3163,421.19,274.1,0.0,0.0
3164,301.23,58.44,0.0,0.0
3165,534.05,268.63,59.78,0.0
3166,453.83,248.06,0.0,0.0
3167,314.87,181.27,0.0,0.0
3168,403.99,89.87,0.0,0.0
3169,493.72,186.25,48.68,55.98
3170,575.42,98.49,41.21,0.0
3171,174.62,291.24,55.88,0.0
3172,590.53,227.2,70.37,0.0
3173,965.51,199.06,0.0,95.67
3174,767.83,253.34,0.0,0.0
3175,232.09,183.11,0.0,0.0
3176,376.88,65.06,57.85,0.0
3177,358.8,114.76,0.0,116.98
3178,180.6,295.42,0.0,0.0
3179,591.03,262.7,0.0,0.0
3180,220.04,281.86,0.0,108.11
3181,106.73,74.46,24.74,0.0
3182,496.31,112.0,0.0,0.0
3183,399.88,65.81,73.04,0.0
3184,386.95,255.54,0.0,0.0
3185,338.11,93.48,0.0,140.39
3186,829.27,152.51,0.0,0.0
3187,540.14,117.38,0.0,189.65
3188,343.34,282.59,0.0,0.0
3189,445.16,202.1,0.0,0.0
3190,670.18,249.88,22.86,0.0
3191,357.89,200.54,67.59,0.0
3192,600.43,203.14,38.79,0.0
3193,341.23,145.73,27.87,0.0
3194,609.29,109.75,0.0,0.0
3195,205.25,137.1,0.0,0.0
3196,508.02,123.72,74.51,154.38
3197,230.32,222.81,73.82,0.0
3198,785.4,155.64,0.0,118.87
3199,593.57,187.54,67.8,0.0
3200,328.66,242.74,0.0,0.0
3201,328.67,116.64,49.58,70.98
3202,188.11,155.91,59.99,0.0
3203,555.32,179.87,0.0,0.0
3204,173.03,63.45,0.0,132.43
3205,922.7,88.05,0.0,0.0
3206,598.96,65.88,30.82,0.0
3207,1063.22,238.06,0.0,155.58
3208,685.08,124.98,76.62,0.0
3209,203.1,155.65,31.8,0.0
3210,424.48,218.08,74.94,0.0
3211,413.27,291.62,22.48,0.0
3212,234.81,252.76,0.0,0.0
3213,616.85,64.45,56.45,0.0
3214,355.98,126.43,30.06,0.0
3215,130.78,62.27,62.6,36.75
3216,440.91,65.42,0.0,0.0
3217,132.93,81.86,28.19,0.0
3218,57.85,130.27,0.0,0.0
3219,1009.6,107.87,66.88,74.39
3220,627.28,138.04,23.14,0.0
3221,509.19,255.5,53.32,0.0
3222,247.68,249.42,62.81,56.63
3223,249.43,137.68,0.0,64.55
3224,97.32,214.96,24.77,0.0
3225,159.88,143.17,34.51,0.0
3226,651.99,146.49,20.86,0.0
3227,1069.33,218.93,61.94,63.8
3228,184.04,146.08,65.09,0.0
3229,412.57,187.31,0.0,0.0
3230,440.29,78.81,33.26,0.0
3231,634.44,184.7,34.7,0.0
3232,943.87,235.5,41.12,0.0
3233,1095.95,272.09,51.42,0.0
3234,141.26,86.81,0.0,0.0
3235,369.48,152.68,31.26,0.0
3236,926.46,171.55,67.79,112.5
3237,597.7,276.2,0.0,0.0
3238,68.27,114.35,76.9,0.0
3239,445.86,91.42,55.19,0.0
3240,192.41,85.37,74.57,0.0
3241,172.68,88.72,0.0,0.0
3242,455.62,267.38,61.0,0.0
3243,418.45,204.95,35.58,0.0
3244,658.21,155.18,56.0,0.0
3245,1120.84,266.68,64.57,0.0
3246,612.82,124.51,20.45,0.0
3247,439.84,281.97,45.25,0.0
3248,115.87,239.71,0.0,0.0
3249,298.36,55.14,0.0,0.0
3250,174.29,165.66,60.42,0.0
3251,327.28,260.62,25.14,100.66
3252,369.7,149.04,0.0,0.0
3253,221.4,296.79,0.0,0.0
3254,1549.41,261.65,28.3,0.0
3255,401.91,238.26,54.04,0.0
3256,138.98,83.88,0.0,0.0
3257,291.34,76.97,0.0,0.0
3258,455.16,210.3,0.0,116.28
3259,208.66,215.36,37.78,133.35
3260,334.55,86.88,24.44,0.0
3261,276.08,263.49,31.15,105.72
3262,181.73,268.43,70.92,125.81
3263,923.58,154.15,0.0,152.68
3264,344.84,201.93,0.0,69.61
3265,205.41,177.68,62.03,58.95
3266,254.72,58.92,53.15,0.0
3267,302.71,72.6,57.72,0.0
3268,419.84,244.94,0.0,0.0
3269,1005.86,172.08,0.0,0.0
3270,137.89,202.73,0.0,0.0
3271,207.98,203.22,0.0,0.0
3272,104.41,144.9,37.36,0.0
3273,339.71,57.35,0.0,69.81
3274,132.24,246.73,0.0,0.0
3275,500.54,167.11,0.0,183.03
3276,210.53,84.73,0.0,0.0
3277,462.99,55.27,35.5,0.0
3278,278.2,54.38,45.61,110.08
3279,452.73,58.34,74.86,0.0
3280,463.33,88.76,0.0,0.0
3281,517.04,107.87,30.48,0.0
3282,204.89,111.79,74.51,0.0
3283,176.06,208.03,46.0,0.0
3284,789.9,110.39,30.82,0.0
3285,551.16,218.49,0.0,0.0
3286,188.37,255.84,0.0,0.0
3287,569.01,146.2,0.0,0.0
3288,880.02,229.59,0.0,0.0
3289,102.86,76.03,41.42,0.0
3290,791.39,131.98,36.55,0.0
3291,137.58,220.66,33.96,131.04
3292,1048.77,282.95,0.0,0.0
3293,773.28,203.89,45.56,0.0
3294,249.65,140.96,41.5,0.0
3295,207.48,128.42,53.23,0.0
3296,583.09,147.89,68.58,98.61
3297,560.65,213.22,79.55,81.59
3298,205.09,131.75,31.01,0.0
3299,436.55,167.5,0.0,0.0
3300,369.45,239.75,41.6,104.36
3301,846.96,109.44,53.83,50.54
3302,217.19,229.13,65.91,0.0
3303,191.25,240.36,44.75,0.0
3304,374.59,265.92,0.0,91.79
3305,247.4,55.97,65.25,0.0
3306,101.65,78.44,0.0,0.0
3307,643.71,288.71,0.0,55.41
3308,189.1,81.45,24.17,0.0
3309,559.22,171.97,62.31,54.03
3310,261.23,91.74,43.41,0.0
3311,318.24,252.97,0.0,77.43
3312,171.38,74.13,0.0,0.0
3313,214.16,71.4,20.58,0.0
3314,176.15,176.18,33.4,0.0
3315,98.17,109.54,0.0,0.0
3316,446.4,215.39,64.96,0.0
3317,227.09,221.2,32.23,0.0
3318,114.6,196.51,33.69,0.0
3319,244.99,258.66,21.04,0.0
3320,177.47,224.34,0.0,0.0
3321,293.0,96.88,27.12,0.0
3322,201.42,69.6,65.23,0.0
3323,264.05,236.94,52.51,59.41
3324,905.27,235.01,43.23,0.0
3325,824.94,262.58,65.47,0.0
3326,444.37,100.59,46.79,0.0
3327,283.67,105.79,36.51,0.0
3328,386.65,194.17,54.13,0.0
3329,425.71,88.9,0.0,0.0
3330,169.68,124.08,0.0,0.0
3331,308.56,253.11,45.32,145.12
3332,341.91,133.55,68.12,0.0
3333,155.24,52.83,66.87,0.0
3334,408.75,212.71,0.0,65.37
3335,222.59,95.15,72.56,0.0
3336,211.62,98.96,75.12,0.0
3337,296.04,54.13,68.62,0.0
3338,346.6,194.51,54.05,0.0
3339,364.12,190.48,36.72,0.0
3340,165.12,74.11,0.0,0.0
3341,75.58,62.61,59.57,0.0
3342,605.05,172.71,0.0,160.4
3343,115.15,245.32,55.15,0.0
3344,229.58,288.44,0.0,0.0
3345,585.12,68.79,24.29,0.0
3346,684.44,227.04,78.5,0.0
3347,316.84,97.86,62.31,0.0
3348,309.96,58.49,0.0,0.0
3349,764.26,133.69,31.86,0.0
3350,237.99,193.47,0.0,0.0
3351,266.73,200.34,78.7,0.0
3352,433.39,62.3,37.91,0.0
3353,390.2,281.95,71.55,0.0
3354,235.16,63.65,0.0,0.0
3355,428.77,104.3,0.0,0.0
3356,184.38,158.13,0.0,0.0
3357,220.16,286.41,44.36,0.0
3358,872.14,297.81,0.0,0.0
3359,541.73,50.09,63.07,0.0
3360,266.72,106.13,52.61,184.71
3361,155.17,175.34,75.29,0.0
3362,778.69,223.6,37.2,126.34
3363,415.45,214.19,28.73,39.76
3364,294.76,112.88,62.07,149.19
3365,152.99,99.38,0.0,0.0
3366,178.74,53.57,60.85,0.0
3367,360.27,260.71,74.15,0.0
3368,379.59,144.7,56.19,0.0
3369,279.13,266.09,0.0,195.48
3370,220.63,130.93,36.26,0.0
3371,353.5,239.01,0.0,0.0
3372,652.99,67.42,30.1,76.84
3373,83.11,252.86,50.9,0.0
3374,397.43,272.75,40.5,0.0
3375,175.02,116.22,56.25,0.0
3376,358.99,85.47,55.12,0.0
3377,348.69,99.04,24.96,0.0
3378,239.67,266.95,46.91,0.0
3379,385.7,121.55,0.0,0.0
3380,383.21,107.84,68.5,0.0
3381,190.48,294.72,64.94,0.0
3382,1052.07,217.5,0.0,0.0
3383,324.55,258.06,0.0,0.0
3384,483.88,236.76,0.0,86.14
3385,429.55,143.5,39.81,0.0
3386,219.84,265.69,48.48,0.0
3387,785.7,197.04,57.07,0.0
3388,170.69,214.35,45.85,0.0
3389,202.97,131.52,0.0,0.0
3390,316.15,295.29,71.95,80.7
3391,414.68,263.65,47.12,0.0
3392,637.0,87.03,0.0,0.0
3393,221.73,100.97,65.34,0.0
3394,326.16,237.15,71.06,109.34
3395,231.82,56.44,0.0,0.0
3396,78.69,133.86,0.0,0.0
3397,707.85,183.13,28.9,108.26
3398,123.1,101.23,77.7,0.0
3399,448.34,268.29,36.62,0.0
3400,651.72,272.32,0.0,170.02
3401,332.4,289.21,0.0,0.0
3402,100.3,86.58,0.0,0.0
3403,319.36,69.82,35.75,0.0
3404,758.06,189.02,64.19,0.0
3405,497.89,248.11,32.26,74.22
3406,114.02,122.76,45.46,0.0
3407,1769.7,110.24,0.0,0.0
3408,338.39,179.43,0.0,0.0
3409,379.83,170.51,36.77,85.34
3410,164.64,169.89,0.0,0.0
3411,912.97,151.32,35.88,0.0
3412,373.81,231.76,0.0,0.0
3413,588.64,203.67,62.22,0.0
3414,166.99,171.95,50.25,0.0
3415,347.12,230.18,0.0,0.0
3416,361.95,115.42,27.67,77.89
3417,858.83,272.96,55.28,0.0
3418,978.5,146.04,38.23,0.0
3419,342.78,131.9,55.6,0.0
3420,170.69,185.57,44.31,0.0
3421,1058.13,117.6,25.82,0.0
3422,302.31,117.19,0.0,0.0
3423,190.74,69.47,0.0,0.0
3424,120.47,212.98,0.0,0.0
3425,288.99,278.18,51.05,68.04
3426,169.11,221.32,40.91,116.74
3427,529.96,191.93,76.75,0.0
3428,117.39,227.95,0.0,61.82
3429,88.91,291.61,71.27,0.0
3430,406.73,134.12,53.57,118.68
3431,1106.37,157.67,0.0,0.0
3432,307.7,121.55,29.83,0.0
3433,524.32,54.18,65.57,0.0
3434,1047.48,136.86,0.0,0.0
3435,124.74,67.9,52.43,105.22
3436,134.46,264.6,35.07,0.0
3437,933.34,228.9,46.28,0.0
3438,149.3,126.01,0.0,0.0
3439,221.12,131.99,0.0,0.0
3440,539.25,192.4,59.12,80.33
3441,377.7,249.51,32.12,169.09
3442,314.59,229.68,53.53,181.92
3443,363.83,57.2,25.53,0.0
3444,261.48,246.32,31.96,0.0
3445,691.33,270.33,76.19,0.0
3446,443.56,72.47,0.0,112.35
3447,178.43,242.51,23.52,0.0
3448,193.33,112.93,26.98,122.01
3449,425.84,93.43,42.32,0.0
3450,122.28,185.97,47.63,47.34
3451,388.36,188.17,59.7,0.0
3452,582.65,167.72,37.75,0.0
3453,872.19,275.45,74.67,136.03
3454,647.51,110.4,37.61,80.9
3455,166.69,200.64,0.0,0.0
3456,617.14,152.47,0.0,0.0
3457,1276.41,268.44,0.0,0.0
3458,403.66,83.2,38.17,0.0
3459,390.13,70.73,0.0,0.0
3460,302.8,298.19,40.74,0.0
3461,273.22,194.3,54.09,0.0
3462,145.87,277.99,0.0,0.0
3463,245.51,152.05,49.33,0.0
3464,531.23,201.07,78.5,172.92
3465,137.58,223.52,54.35,0.0
3466,397.65,296.53,64.28,0.0
3467,548.87,78.18,40.56,0.0
3468,162.15,81.2,69.56,0.0
3469,587.62,180.8,77.28,151.4
3470,480.74,63.95,0.0,83.92
3471,227.72,231.87,68.42,0.0
3472,518.68,297.69,32.79,91.95
3473,305.56,252.86,41.23,0.0
3474,673.84,116.45,32.84,0.0
3475,181.35,249.89,67.69,0.0
3476,361.51,206.97,0.0,0.0
3477,96.7,79.85,76.06,0.0
3478,309.36,191.48,29.79,0.0
3479,393.31,274.19,0.0,0.0
3480,202.65,122.48,53.46,0.0
3481,150.13,214.78,0.0,98.45
3482,730.29,60.39,55.69,0.0
3483,150.55,258.55,38.42,0.0
3484,537.69,101.48,0.0,0.0
3485,181.14,202.16,21.07,0.0
3486,125.08,181.05,31.9,84.41
3487,436.77,187.03,0.0,0.0
3488,449.41,113.43,76.25,43.02
3489,303.18,189.78,73.36,0.0
3490,807.74,200.69,22.88,0.0
3491,256.36,156.36,41.38,0.0
3492,318.57,208.31,58.44,0.0
3493,654.36,97.89,0.0,0.0
3494,359.47,178.15,0.0,0.0
3495,208.87,229.2,32.52,0.0
3496,359.55,142.0,25.98,0.0
3497,577.3,152.79,74.68,89.65
3498,718.69,91.05,57.77,0.0
3499,1084.36,204.11,0.0,0.0
3500,315.6,80.88,66.52,0.0
